<?xml version="1.0"?>
<pnp:Provisioning xmlns:pnp="http://schemas.dev.office.com/PnP/2018/07/ProvisioningSchema">
  <pnp:Preferences Generator="OfficeDevPnP.Core, Version=3.3.1811.0, Culture=neutral, PublicKeyToken=5e633289e95c321a" />
  <pnp:Templates ID="CONTAINER-TEMPLATE-48432F1309914463B212C7F38FCA554D">
    <pnp:ProvisioningTemplate ID="TEMPLATE-48432F1309914463B212C7F38FCA554D" Version="1" BaseSiteTemplate="STS#0" Scope="RootSite">
      <pnp:WebSettings NoCrawl="false" WelcomePage="SitePages/Home.aspx" CommentsOnSitePagesDisabled="false" QuickLaunchEnabled="false" />
      <pnp:RegionalSettings AdjustHijriDays="0" AlternateCalendarType="None" CalendarType="Gregorian" Collation="25" FirstDayOfWeek="Sunday" FirstWeekOfYear="0" LocaleId="1033" ShowWeeks="false" Time24="false" TimeZone="13" WorkDayEndHour="5:00PM" WorkDays="62" WorkDayStartHour="8:00AM" />
      <pnp:Security RemoveExistingUniqueRoleAssignments="false">
        <pnp:AdditionalAdministrators>
          <pnp:User Name="i:0#.f|membership|am@appflowitdevnov2018.onmicrosoft.com" />
          <pnp:User Name="i:0#.f|membership|spadmin@appflowitdevnov2018.onmicrosoft.com" />
        </pnp:AdditionalAdministrators>
        <pnp:Permissions />
      </pnp:Security>
      <pnp:Navigation AddNewPagesToNavigation="true" CreateFriendlyUrlsForNewPages="true">
        <pnp:GlobalNavigation NavigationType="Structural">
          <pnp:StructuralNavigation RemoveExistingNodes="false">
            <pnp:NavigationNode Title="Home" Url="{site}" />
          </pnp:StructuralNavigation>
        </pnp:GlobalNavigation>
        <pnp:CurrentNavigation NavigationType="StructuralLocal">
          <pnp:StructuralNavigation RemoveExistingNodes="false">
            <pnp:NavigationNode Title="Home" Url="{site}" />
            <pnp:NavigationNode Title="News" Url="{site}/_layouts/15/News.aspx" IsExternal="true" />
            <pnp:NavigationNode Title="Documents" Url="{site}/Shared Documents/Forms/AllItems.aspx" />
            <pnp:NavigationNode Title="Pages" Url="{site}/SitePages/Forms/ByAuthor.aspx" />
            <pnp:NavigationNode Title="EmployeeRegistry" Url="{site}/Lists/EmployeeRegistry/AllItems.aspx" />
            <pnp:NavigationNode Title="BuildingSiteRegistry" Url="{site}/Lists/BuildingSiteRegistry/AllItems.aspx" />
            <pnp:NavigationNode Title="Recent" Url="" IsExternal="true" />
            <pnp:NavigationNode Title="ShiftActivityLog" Url="{site}/Lists/ShiftActivityLog/AllItems.aspx" />
            <pnp:NavigationNode Title="ProjectsRegistry" Url="{site}/Lists/ProjectsRegistry/AllItems.aspx" />
            <pnp:NavigationNode Title="Site contents" Url="{site}/_layouts/15/viewlsts.aspx" IsExternal="true" />
          </pnp:StructuralNavigation>
        </pnp:CurrentNavigation>
      </pnp:Navigation>
      <pnp:SiteFields>
        <Field Type="Note" DisplayName="JobSkillSets_0" StaticName="effa4cc1206144e8aa09c73e6a5857db" Name="effa4cc1206144e8aa09c73e6a5857db" ID="{1aea5bc5-5ed4-456a-abd5-3bc24254958c}" ShowInViewForms="FALSE" Required="FALSE" Hidden="TRUE" CanToggleHidden="TRUE" SourceID="{b4a80b3c-0ec3-4dad-aca8-b85b01267ed0}" />
        <Field Type="Note" DisplayName="SALReportLineDataJSON" Required="FALSE" EnforceUniqueValues="FALSE" Indexed="FALSE" NumLines="5" RichText="FALSE" Sortable="FALSE" Group="AppflowIT" ID="{92381201-6781-427d-a69a-45bf86d4aef0}" SourceID="{b4a80b3c-0ec3-4dad-aca8-b85b01267ed0}" StaticName="SALReportLineDataJSON" Name="SALReportLineDataJSON" Description="{&#xD;&#xA;&quot;SALRDUniqueID&quot;:&quot;&quot;,&#xD;&#xA;&quot;SALRDDate&quot;:&quot;&quot;,&#xD;&#xA;&quot;SALRDBuildingSiteCode&quot;:&quot;&quot;,&#xD;&#xA;&quot;SALRDWorkerFullName&quot;:&quot;&quot;,&#xD;&#xA;&quot;SALRDWorkerPayrollNumber&quot;:&quot;&quot;,&#xD;&#xA;&quot;SALRDWorkerJobTitle&quot;:&quot;&quot;,&#xD;&#xA;&#xD;&#xA;&quot;ActivityHoursAdministration&quot;:&quot;&quot;,&#xD;&#xA;&quot;ActivityHoursCEOP&quot;:&quot;&quot;,&#xD;&#xA;&quot;ActivityHoursProjectSupport&quot;:&quot;&quot;,&#xD;&#xA;&quot;ActivityHoursOther&quot;:&quot;&quot;,&#xD;&#xA;&quot;ActivityHoursPlantChecks&quot;:&quot;&quot;,&#xD;&#xA;&quot;ActivityHoursPPM&quot;:&quot;&quot;,&#xD;&#xA;&quot;ActivityHoursReactiveTasks&quot;:&quot;&quot;,&#xD;&#xA;&quot;ActivityHoursSmallWorks&quot;:&quot;&quot;,&#xD;&#xA;&quot;ActivityHoursTraining&quot;:&quot;&quot;,&#xD;&#xA;&#xD;&#xA;&quot;TotalActivityBAUActivityHours&quot;:&quot;&quot;,&#xD;&#xA;&quot;CommentsDescriptionsActivityHours&quot;:&quot;&quot;,&#xD;&#xA;&quot;IsProjectActivity&quot;:&quot;&quot;,&#xD;&#xA;&quot;IsProjectActivityChargeable&quot;:&quot;&quot;,&#xD;&#xA;&quot;ProjectNumber&quot;:&quot;&quot;,&#xD;&#xA;&quot;ProjectIFNCode&quot;:&quot;&quot;,&#xD;&#xA;&quot;ProjectActivityCategory&quot;:&quot;&quot;,&#xD;&#xA;&quot;ProjectActivityDescription&quot;:&quot;&quot;,&#xD;&#xA;&quot;WorkerRateCosting&quot;:&quot;&quot;,&#xD;&#xA;&quot;ChargeRateCosting&quot;:&quot;&quot;&#xD;&#xA;}&#xD;&#xA;" CustomFormatter="" RestrictedMode="TRUE" RichTextMode="Compatible" IsolateStyles="FALSE" AppendOnly="FALSE" UnlimitedLengthInDocumentLibrary="FALSE">
        </Field>
        <Field Type="Text" DisplayName="ProjectNumber" Required="FALSE" EnforceUniqueValues="FALSE" Indexed="FALSE" MaxLength="255" Group="AppflowIT" ID="{ecccdf02-ecc3-4238-879c-d78fdbb7a994}" SourceID="{b4a80b3c-0ec3-4dad-aca8-b85b01267ed0}" StaticName="ProjectNumber" Name="ProjectNumber">
        </Field>
        <Field Type="LookupMulti" DisplayName="LookupProjects" Required="FALSE" EnforceUniqueValues="FALSE" List="{{listid:ProjectsRegistry}}" WebId="{siteid}" ShowField="IfIsActiveTitle" Mult="TRUE" Sortable="FALSE" UnlimitedLengthInDocumentLibrary="FALSE" Group="AppflowIT" ID="{bfeafa11-05ba-4691-877f-8878043064f0}" SourceID="{{siteid}}" StaticName="LookupProjects" Name="LookupProjects" />
        <Field Type="Boolean" DisplayName="BuildingSiteIsActive" EnforceUniqueValues="FALSE" Indexed="FALSE" Group="AppflowIT" ID="{8c38221e-728d-48d6-9df4-2177c6553b59}" SourceID="{b4a80b3c-0ec3-4dad-aca8-b85b01267ed0}" StaticName="BuildingSiteIsActive" Name="BuildingSiteIsActive">
          <Default>1</Default>
        </Field>
        <Field Type="Lookup" DisplayName="SALHLoggedInEmployeeID:Full Name" List="{{listid:EmployeeRegistry}}" WebId="{siteid}" ShowField="FullName" FieldRef="90dc53f9-a7f6-4f1c-b440-d2462c3d9154" ReadOnly="TRUE" UnlimitedLengthInDocumentLibrary="FALSE" Group="AppflowIT" ID="{6431e839-7d34-4d61-83d1-7a674a0d2dc1}" SourceID="{{siteid}}" StaticName="SALHLoggedInEmployeeID_x003a_Full_x0020_Name" Name="SALHLoggedInEmployeeID_x003A_Full_x0020_Name" />
        <Field Type="LookupMulti" DisplayName="LookupReviewApprovers" Required="FALSE" EnforceUniqueValues="FALSE" List="{{listid:EmployeeRegistry}}" WebId="{siteid}" ShowField="IfIsShiftManagerTitle" Mult="TRUE" Sortable="FALSE" UnlimitedLengthInDocumentLibrary="FALSE" Group="AppflowIT" ID="{62061443-9d3e-4f13-ac56-47f93aab7574}" SourceID="{{siteid}}" StaticName="LookupReviewApprovers" Name="LookupReviewApprovers" />
        <Field Type="LookupMulti" DisplayName="LookupReportingWorkers" Description="If this employee's role is Shift Lead then pick all Employee-Workers under this employee." Required="FALSE" EnforceUniqueValues="FALSE" List="{{listid:EmployeeRegistry}}" WebId="{siteid}" ShowField="IfIsShiftWorkerTitle" Mult="TRUE" Sortable="FALSE" UnlimitedLengthInDocumentLibrary="FALSE" Group="AppflowIT" ID="{a6cdda44-bc8e-4649-b24f-3a909b0ec53f}" SourceID="{{siteid}}" StaticName="LookupReportingWorkers" Name="LookupReportingWorkers" />
        <Field Type="Text" DisplayName="Employee Name" Description="Full name to be used in forms/reports/printouts" Required="FALSE" EnforceUniqueValues="FALSE" Indexed="FALSE" MaxLength="255" Group="AppflowIT" ID="{6ca0c45b-b6f9-48f3-87f8-14dcb2d1e125}" SourceID="{b4a80b3c-0ec3-4dad-aca8-b85b01267ed0}" StaticName="EmployeeFullName" Name="EmployeeFullName" CustomFormatter="">
        </Field>
        <Field Type="LookupMulti" DisplayName="LookupReviewApprovers:Full Name" List="{{listid:EmployeeRegistry}}" WebId="{siteid}" ShowField="FullName" FieldRef="62061443-9d3e-4f13-ac56-47f93aab7574" ReadOnly="TRUE" Mult="TRUE" Sortable="FALSE" UnlimitedLengthInDocumentLibrary="FALSE" Group="AppflowIT" ID="{3bdf055d-7b2a-484d-8a40-3b5f875293bf}" SourceID="{{siteid}}" StaticName="LookupReviewApprovers_x003a_Full_x0020_Name" Name="LookupReviewApprovers_x003A_Full_x0020_Name" />
        <Field Type="LookupMulti" DisplayName="LookupProjects:Title" List="{{listid:ProjectsRegistry}}" WebId="{siteid}" ShowField="Title" FieldRef="bfeafa11-05ba-4691-877f-8878043064f0" ReadOnly="TRUE" Mult="TRUE" Sortable="FALSE" UnlimitedLengthInDocumentLibrary="FALSE" Group="AppflowIT" ID="{93076765-8f9a-40c3-895e-a3ade30ddf1b}" SourceID="{{siteid}}" StaticName="LookupProjects_x003a_Title" Name="LookupProjects_x003A_Title" />
        <Field Type="LookupMulti" DisplayName="LookupReportingWorkers:Employee ID" List="{{listid:EmployeeRegistry}}" WebId="{siteid}" ShowField="EmployeeUniqueID" FieldRef="a6cdda44-bc8e-4649-b24f-3a909b0ec53f" ReadOnly="TRUE" Mult="TRUE" Sortable="FALSE" UnlimitedLengthInDocumentLibrary="FALSE" Group="AppflowIT" ID="{d2e55f6a-2923-49e4-b511-b1cf721f763a}" SourceID="{{siteid}}" StaticName="LookupReportingWorkers_x003a_Employee_x0020_ID" Name="LookupReportingWorkers_x003A_Employee_x0020_ID" />
        <Field Type="Choice" DisplayName="Employee Role" Required="TRUE" EnforceUniqueValues="FALSE" Indexed="FALSE" Format="Dropdown" FillInChoice="FALSE" Group="AppflowIT" ID="{09e2a06c-e019-4099-a695-dd1b6016fdac}" SourceID="{b4a80b3c-0ec3-4dad-aca8-b85b01267ed0}" StaticName="EmployeeRole" Name="EmployeeRole" CustomFormatter="">
          <CHOICES>
            <CHOICE>ShiftManager</CHOICE>
            <CHOICE>ShiftLeader</CHOICE>
            <CHOICE>ShiftWorker</CHOICE>
            <CHOICE>RegionalManager</CHOICE>
          </CHOICES>
        </Field>
        <Field Type="MultiChoice" DisplayName="InAppsPermissions" Required="FALSE" EnforceUniqueValues="FALSE" Indexed="FALSE" FillInChoice="FALSE" Group="AppflowIT" ID="{b8df1976-acff-4d41-9210-9dd9fc598ea3}" SourceID="{b4a80b3c-0ec3-4dad-aca8-b85b01267ed0}" StaticName="InAppsPermissions" Name="InAppsPermissions">
          <CHOICES>
            <CHOICE>Full</CHOICE>
            <CHOICE>Read</CHOICE>
            <CHOICE>Write</CHOICE>
            <CHOICE>Deny</CHOICE>
          </CHOICES>
        </Field>
        <Field Type="Lookup" DisplayName="SALHShiftLeadEmployeeID:Full Name" List="{{listid:EmployeeRegistry}}" WebId="{siteid}" ShowField="FullName" FieldRef="92e732c3-a40b-495b-8e00-9f0d271548e5" ReadOnly="TRUE" UnlimitedLengthInDocumentLibrary="FALSE" Group="AppflowIT" ID="{ec100077-8400-4410-8941-064aaa846537}" SourceID="{{siteid}}" StaticName="SALHShiftLeadEmployeeID_x003a_Full_x0020_Name" Name="SALHShiftLeadEmployeeID_x003A_Full_x0020_Name" />
        <Field Type="Choice" DisplayName="ProjectActivityCategory" Required="FALSE" EnforceUniqueValues="FALSE" Indexed="FALSE" Format="Dropdown" FillInChoice="FALSE" Group="AppflowIT" ID="{1f033c7b-fe64-447a-b4a5-76f28f122fc3}" SourceID="{b4a80b3c-0ec3-4dad-aca8-b85b01267ed0}" StaticName="ProjectActivityCategory" Name="ProjectActivityCategory">
          <CHOICES>
            <CHOICE>Cat-A</CHOICE>
            <CHOICE>Cat-B</CHOICE>
            <CHOICE>Cat-C</CHOICE>
          </CHOICES>
        </Field>
        <Field Type="Lookup" DisplayName="LookupBuildingSite" Required="FALSE" EnforceUniqueValues="FALSE" List="{{listid:BuildingSiteRegistry}}" WebId="{siteid}" ShowField="BuildingSiteCode" UnlimitedLengthInDocumentLibrary="FALSE" Group="AppflowIT" ID="{6349187e-b431-4453-9c37-9a8693c9ee3a}" SourceID="{{siteid}}" StaticName="LookupBuildingSite" Name="LookupBuildingSite" />
        <Field Type="Lookup" DisplayName="LookupBuildingSite:BuildingSiteName" List="{{listid:BuildingSiteRegistry}}" WebId="{siteid}" ShowField="BuildingSiteName" FieldRef="6349187e-b431-4453-9c37-9a8693c9ee3a" ReadOnly="TRUE" UnlimitedLengthInDocumentLibrary="FALSE" Group="AppflowIT" ID="{b9d0dd80-677c-4e49-9710-d380dfd338fa}" SourceID="{{siteid}}" StaticName="LookupBuildingSite_x003a_BuildingSiteName" Name="LookupBuildingSite_x003A_BuildingSiteName" />
        <Field Type="User" DisplayName="SALHLoggedInEmployeeUser" List="UserInfo" Required="FALSE" EnforceUniqueValues="FALSE" ShowField="UserName" UserSelectionMode="PeopleOnly" UserSelectionScope="0" Group="AppflowIT" ID="{2e33fa88-b64a-4362-b790-6566941d4ebd}" SourceID="{{siteid}}" StaticName="SALHLoggedInEmployeeUser" Name="SALHLoggedInEmployeeUser" />
        <Field Type="Text" DisplayName="Payroll Number" Description="Field containing unique id that maps to payroll subsystem's data like, bank details, payment statuses etc.." Required="FALSE" EnforceUniqueValues="FALSE" Indexed="FALSE" MaxLength="255" Group="AppflowIT" ID="{c16f798a-ac88-4d97-9127-289466505e7c}" SourceID="{b4a80b3c-0ec3-4dad-aca8-b85b01267ed0}" StaticName="PayrollNumber" Name="PayrollNumber" CustomFormatter="">
        </Field>
        <Field Type="User" DisplayName="Employee User" List="UserInfo" Required="FALSE" Indexed="TRUE" EnforceUniqueValues="TRUE" ShowField="UserName" UserSelectionMode="PeopleOnly" UserSelectionScope="0" Group="AppflowIT" ID="{132a788d-ad1c-4d61-a51b-9dc0e58a2219}" SourceID="{{siteid}}" StaticName="EmployeeADUser" Name="EmployeeADUser" />
        <Field Type="Text" DisplayName="JobTitle" Required="FALSE" EnforceUniqueValues="FALSE" Indexed="FALSE" MaxLength="255" Group="AppflowIT" ID="{626c7896-438c-4ced-9aba-94164b04bfbd}" SourceID="{b4a80b3c-0ec3-4dad-aca8-b85b01267ed0}" StaticName="JobTitle1" Name="JobTitle1">
        </Field>
        <Field Type="Note" DisplayName="BuildingSiteAddress" Required="FALSE" EnforceUniqueValues="FALSE" Indexed="FALSE" NumLines="4" RichText="FALSE" Sortable="FALSE" Group="AppflowIT" ID="{65d09d99-d6cd-4555-bb06-cd86a6e68d6b}" SourceID="{b4a80b3c-0ec3-4dad-aca8-b85b01267ed0}" StaticName="BuildingSiteAddress" Name="BuildingSiteAddress">
        </Field>
        <Field Type="Currency" DisplayName="ChargeRateCosting" Required="FALSE" EnforceUniqueValues="FALSE" Indexed="FALSE" Min="0" LCID="2057" Group="AppflowIT" ID="{437ce79e-f22f-44db-bf94-5fed301f6138}" SourceID="{b4a80b3c-0ec3-4dad-aca8-b85b01267ed0}" StaticName="ChargeRateCosting" Name="ChargeRateCosting">
        </Field>
        <Field Type="Boolean" DisplayName="IsActive" EnforceUniqueValues="FALSE" Indexed="FALSE" Group="AppflowIT" ID="{884bd7a3-e69e-484f-bb95-5a89f4990116}" SourceID="{b4a80b3c-0ec3-4dad-aca8-b85b01267ed0}" StaticName="IsActive1" Name="IsActive1">
          <Default>1</Default>
        </Field>
        <Field Type="Note" DisplayName="ReviewNotes" Required="FALSE" EnforceUniqueValues="FALSE" Indexed="FALSE" NumLines="6" RichText="FALSE" Sortable="FALSE" Group="AppflowIT" ID="{0da8c3a8-a138-4a36-b139-48e26e3f45d0}" SourceID="{b4a80b3c-0ec3-4dad-aca8-b85b01267ed0}" StaticName="ReviewNotes" Name="ReviewNotes">
        </Field>
        <Field Type="Lookup" DisplayName="LookupEmployee:Full Name" List="{{listid:EmployeeRegistry}}" WebId="{siteid}" ShowField="FullName" FieldRef="2320f6d3-1888-47d7-a0df-81e3ab70ad3a" ReadOnly="TRUE" UnlimitedLengthInDocumentLibrary="FALSE" Group="AppflowIT" ID="{b5a779a9-1fca-480c-af39-a3735435b2bb}" SourceID="{{siteid}}" StaticName="LookupEmployee_x003a_Full_x0020_Name" Name="LookupEmployee_x003A_Full_x0020_Name" />
        <Field Type="Text" DisplayName="Employee ID" Description="ID for referencing in deriving list fields.." Required="FALSE" EnforceUniqueValues="FALSE" Indexed="FALSE" MaxLength="255" Group="AppflowIT" ID="{676b66aa-9cad-4daf-8779-13d1ef3613b9}" SourceID="{b4a80b3c-0ec3-4dad-aca8-b85b01267ed0}" StaticName="EmployeeUniqueID" Name="EmployeeUniqueID" CustomFormatter="">
        </Field>
        <Field Type="Lookup" DisplayName="LookupReportsTo:Full Name" List="{{listid:EmployeeRegistry}}" WebId="{siteid}" ShowField="FullName" FieldRef="162d56cb-cb96-457c-9cb3-9e05ad2a4d22" ReadOnly="TRUE" UnlimitedLengthInDocumentLibrary="FALSE" Group="AppflowIT" ID="{bbe4b9b2-3206-42e7-9710-0285e6ecdbcc}" SourceID="{{siteid}}" StaticName="LookupReportsTo_x003a_Full_x0020_Name" Name="LookupReportsTo_x003A_Full_x0020_Name" />
        <Field Type="Note" DisplayName="SALSysWorkflowStateJSON" Required="FALSE" EnforceUniqueValues="FALSE" Indexed="FALSE" NumLines="5" RichText="FALSE" Sortable="FALSE" Group="AppflowIT" ID="{c60a78bd-d656-492f-95db-0d7c85da7971}" SourceID="{b4a80b3c-0ec3-4dad-aca8-b85b01267ed0}" StaticName="SALSysWorkflowStateJSON" Name="SALSysWorkflowStateJSON">
        </Field>
        <Field Type="TaxonomyFieldTypeMulti" DisplayName="Job Skills" List="{{listid:TaxonomyHiddenList}}" WebId="{siteid}" ShowField="Term1033" Required="FALSE" EnforceUniqueValues="FALSE" Mult="TRUE" Sortable="FALSE" Group="AppflowIT" ID="{effa4cc1-2061-44e8-aa09-c73e6a5857db}" SourceID="{{siteid}}" StaticName="JobSkillSets" Name="JobSkillSets">
          <Default>
          </Default>
          <Customization>
            <ArrayOfProperty>
              <Property>
                <Name>SspId</Name>
                <Value xmlns:q1="http://www.w3.org/2001/XMLSchema" p4:type="q1:string" xmlns:p4="http://www.w3.org/2001/XMLSchema-instance">{sitecollectiontermstoreid}</Value>
              </Property>
              <Property>
                <Name>GroupId</Name>
              </Property>
              <Property>
                <Name>TermSetId</Name>
                <Value xmlns:q2="http://www.w3.org/2001/XMLSchema" p4:type="q2:string" xmlns:p4="http://www.w3.org/2001/XMLSchema-instance">{termsetid:SAL:JobSkills}</Value>
              </Property>
              <Property>
                <Name>AnchorId</Name>
                <Value xmlns:q3="http://www.w3.org/2001/XMLSchema" p4:type="q3:string" xmlns:p4="http://www.w3.org/2001/XMLSchema-instance">00000000-0000-0000-0000-000000000000</Value>
              </Property>
              <Property>
                <Name>UserCreated</Name>
                <Value xmlns:q4="http://www.w3.org/2001/XMLSchema" p4:type="q4:boolean" xmlns:p4="http://www.w3.org/2001/XMLSchema-instance">false</Value>
              </Property>
              <Property>
                <Name>Open</Name>
                <Value xmlns:q5="http://www.w3.org/2001/XMLSchema" p4:type="q5:boolean" xmlns:p4="http://www.w3.org/2001/XMLSchema-instance">false</Value>
              </Property>
              <Property>
                <Name>TextField</Name>
                <Value xmlns:q6="http://www.w3.org/2001/XMLSchema" p4:type="q6:string" xmlns:p4="http://www.w3.org/2001/XMLSchema-instance">{1aea5bc5-5ed4-456a-abd5-3bc24254958c}</Value>
              </Property>
              <Property>
                <Name>IsPathRendered</Name>
                <Value xmlns:q7="http://www.w3.org/2001/XMLSchema" p4:type="q7:boolean" xmlns:p4="http://www.w3.org/2001/XMLSchema-instance">false</Value>
              </Property>
              <Property>
                <Name>IsKeyword</Name>
                <Value xmlns:q8="http://www.w3.org/2001/XMLSchema" p4:type="q8:boolean" xmlns:p4="http://www.w3.org/2001/XMLSchema-instance">false</Value>
              </Property>
              <Property>
                <Name>TargetTemplate</Name>
              </Property>
              <Property>
                <Name>CreateValuesInEditForm</Name>
                <Value xmlns:q9="http://www.w3.org/2001/XMLSchema" p4:type="q9:boolean" xmlns:p4="http://www.w3.org/2001/XMLSchema-instance">false</Value>
              </Property>
              <Property>
                <Name>FilterAssemblyStrongName</Name>
                <Value xmlns:q10="http://www.w3.org/2001/XMLSchema" p4:type="q10:string" xmlns:p4="http://www.w3.org/2001/XMLSchema-instance">Microsoft.SharePoint.Taxonomy, Version=16.0.0.0, Culture=neutral, PublicKeyToken=71e9bce111e9429c</Value>
              </Property>
              <Property>
                <Name>FilterClassName</Name>
                <Value xmlns:q11="http://www.w3.org/2001/XMLSchema" p4:type="q11:string" xmlns:p4="http://www.w3.org/2001/XMLSchema-instance">Microsoft.SharePoint.Taxonomy.TaxonomyField</Value>
              </Property>
              <Property>
                <Name>FilterMethodName</Name>
                <Value xmlns:q12="http://www.w3.org/2001/XMLSchema" p4:type="q12:string" xmlns:p4="http://www.w3.org/2001/XMLSchema-instance">GetFilteringHtml</Value>
              </Property>
              <Property>
                <Name>FilterJavascriptProperty</Name>
                <Value xmlns:q13="http://www.w3.org/2001/XMLSchema" p4:type="q13:string" xmlns:p4="http://www.w3.org/2001/XMLSchema-instance">FilteringJavascript</Value>
              </Property>
            </ArrayOfProperty>
          </Customization>
        </Field>
        <Field Type="Lookup" DisplayName="SALHShiftLeadEmployeeID" Required="FALSE" EnforceUniqueValues="FALSE" List="{{listid:EmployeeRegistry}}" WebId="{siteid}" ShowField="IfIsShiftLeaderTitle" UnlimitedLengthInDocumentLibrary="FALSE" Group="AppflowIT" ID="{92e732c3-a40b-495b-8e00-9f0d271548e5}" SourceID="{{siteid}}" StaticName="SALHShiftLeadEmployeeID" Name="SALHShiftLeadEmployeeID" />
        <Field Type="Currency" DisplayName="WorkerRateCosting" Required="FALSE" EnforceUniqueValues="FALSE" Indexed="FALSE" Min="0" LCID="2057" Group="AppflowIT" ID="{74de07ca-0d1c-4328-a751-094eaeab3c28}" SourceID="{b4a80b3c-0ec3-4dad-aca8-b85b01267ed0}" StaticName="WorkerRateCosting" Name="WorkerRateCosting">
        </Field>
        <Field Type="Lookup" DisplayName="LookupReportsTo" Required="FALSE" EnforceUniqueValues="FALSE" List="{{listid:EmployeeRegistry}}" WebId="{siteid}" ShowField="EmployeeUniqueID" UnlimitedLengthInDocumentLibrary="FALSE" Group="AppflowIT" ID="{162d56cb-cb96-457c-9cb3-9e05ad2a4d22}" SourceID="{{siteid}}" StaticName="LookupReportsTo" Name="LookupReportsTo" />
        <Field Type="Number" DisplayName="ContractRatePerHour" Required="FALSE" EnforceUniqueValues="FALSE" Indexed="FALSE" Min="0" Group="AppflowIT" ID="{f5a650cd-1e72-4510-bbfd-acb08aaf98ba}" SourceID="{b4a80b3c-0ec3-4dad-aca8-b85b01267ed0}" StaticName="ContractRatePerHour" Name="ContractRatePerHour">
          <Default>0</Default>
        </Field>
        <Field Type="Lookup" DisplayName="LookupEmployee" Required="FALSE" Indexed="TRUE" EnforceUniqueValues="TRUE" List="{{listid:EmployeeRegistry}}" WebId="{siteid}" ShowField="EmployeeUniqueID" UnlimitedLengthInDocumentLibrary="FALSE" Group="AppflowIT" ID="{2320f6d3-1888-47d7-a0df-81e3ab70ad3a}" SourceID="{{siteid}}" StaticName="LookupEmployee" Name="LookupEmployee" />
        <Field Type="LookupMulti" DisplayName="LookupProjects:ProjectNumber" List="{{listid:ProjectsRegistry}}" WebId="{siteid}" ShowField="ProjectNumber" FieldRef="bfeafa11-05ba-4691-877f-8878043064f0" ReadOnly="TRUE" Mult="TRUE" Sortable="FALSE" UnlimitedLengthInDocumentLibrary="FALSE" Group="AppflowIT" ID="{d6ee02e2-c5aa-4ba2-958e-95b741838342}" SourceID="{{siteid}}" StaticName="LookupProjects_x003a_ProjectNumber" Name="LookupProjects_x003A_ProjectNumber" />
        <Field Type="Number" DisplayName="TotalContractHours" Required="FALSE" EnforceUniqueValues="FALSE" Indexed="FALSE" Min="0" Group="AppflowIT" ID="{67d4dae3-0e22-461c-8b47-69b2936dc00c}" SourceID="{b4a80b3c-0ec3-4dad-aca8-b85b01267ed0}" StaticName="TotalContractHours" Name="TotalContractHours">
        </Field>
        <Field Type="Text" DisplayName="BuildingSiteCode" Required="FALSE" EnforceUniqueValues="FALSE" Indexed="FALSE" MaxLength="255" Group="AppflowIT" ID="{2d3738e7-070a-47cf-80d7-13a4b312d58d}" SourceID="{b4a80b3c-0ec3-4dad-aca8-b85b01267ed0}" StaticName="BuildingSiteCode" Name="BuildingSiteCode">
        </Field>
        <Field Type="Text" DisplayName="SALHUniqueID" Required="FALSE" EnforceUniqueValues="FALSE" Indexed="FALSE" MaxLength="255" Group="AppflowIT" ID="{068a01f6-8f57-4018-b69c-e1705e5f52d5}" SourceID="{b4a80b3c-0ec3-4dad-aca8-b85b01267ed0}" StaticName="SALHUniqueID" Name="SALHUniqueID">
        </Field>
        <Field Type="Lookup" DisplayName="SALHLoggedInEmployeeID" Required="FALSE" EnforceUniqueValues="FALSE" List="{{listid:EmployeeRegistry}}" WebId="{siteid}" ShowField="EmployeeUniqueID" UnlimitedLengthInDocumentLibrary="FALSE" Group="AppflowIT" ID="{90dc53f9-a7f6-4f1c-b440-d2462c3d9154}" SourceID="{{siteid}}" StaticName="SALHLoggedInEmployeeID" Name="SALHLoggedInEmployeeID" />
        <Field Type="Text" DisplayName="BuildingSiteName" Required="FALSE" EnforceUniqueValues="FALSE" Indexed="FALSE" MaxLength="255" Group="AppflowIT" ID="{9c0d7efb-756d-42e1-813b-a50010e714c4}" SourceID="{b4a80b3c-0ec3-4dad-aca8-b85b01267ed0}" StaticName="BuildingSiteName" Name="BuildingSiteName">
        </Field>
        <Field Type="Calculated" DisplayName="IfIsActiveTitle" Description="Shows Title in/for Lookups - if - Building Site is Active." EnforceUniqueValues="FALSE" Indexed="FALSE" Format="DateOnly" LCID="1033" ResultType="Text" ReadOnly="TRUE" Group="AppflowIT" ID="{e078cac6-da7f-461e-9027-520433cf93ec}" SourceID="{b4a80b3c-0ec3-4dad-aca8-b85b01267ed0}" StaticName="IfIsActiveTitle" Name="IfIsActiveTitle">
          <Formula>=IF(IsActive,Title,"")</Formula>
        </Field>
      </pnp:SiteFields>
      <pnp:ContentTypes>
        <pnp:ContentType ID="0x01000637821FE1EC9F46838EAF6DB9E732F1" Name="ProjectsRegistry" Description="This is a registry that defines Projects for the SAL app" Group="AppflowIT" NewFormUrl="" EditFormUrl="" DisplayFormUrl="">
          <pnp:FieldRefs>
            <pnp:FieldRef ID="c042a256-787d-4a6f-8a8a-cf6ab767f12d" Name="ContentType" />
            <pnp:FieldRef ID="fa564e0f-0c70-4ab9-b863-0177e6ddd247" Name="Title" Required="true" />
            <pnp:FieldRef ID="ecccdf02-ecc3-4238-879c-d78fdbb7a994" Name="ProjectNumber" />
            <pnp:FieldRef ID="1f033c7b-fe64-447a-b4a5-76f28f122fc3" Name="ProjectActivityCategory" />
            <pnp:FieldRef ID="74de07ca-0d1c-4328-a751-094eaeab3c28" Name="WorkerRateCosting" />
            <pnp:FieldRef ID="437ce79e-f22f-44db-bf94-5fed301f6138" Name="ChargeRateCosting" />
            <pnp:FieldRef ID="884bd7a3-e69e-484f-bb95-5a89f4990116" Name="IsActive1" />
            <pnp:FieldRef ID="e078cac6-da7f-461e-9027-520433cf93ec" Name="IfIsActiveTitle" />
          </pnp:FieldRefs>
        </pnp:ContentType>
        <pnp:ContentType ID="0x01003759D8229C4C1D4384080E4AEEB76729" Name="ShiftActivityLog" Description="" Group="AppflowIT" NewFormUrl="" EditFormUrl="" DisplayFormUrl="">
          <pnp:FieldRefs>
            <pnp:FieldRef ID="c042a256-787d-4a6f-8a8a-cf6ab767f12d" Name="ContentType" />
            <pnp:FieldRef ID="fa564e0f-0c70-4ab9-b863-0177e6ddd247" Name="Title" Required="true" />
            <pnp:FieldRef ID="068a01f6-8f57-4018-b69c-e1705e5f52d5" Name="SALHUniqueID" />
            <pnp:FieldRef ID="6349187e-b431-4453-9c37-9a8693c9ee3a" Name="LookupBuildingSite" />
            <pnp:FieldRef ID="b9d0dd80-677c-4e49-9710-d380dfd338fa" Name="LookupBuildingSite_x003A_BuildingSiteName" />
            <pnp:FieldRef ID="884bd7a3-e69e-484f-bb95-5a89f4990116" Name="IsActive1" />
            <pnp:FieldRef ID="1dab9b48-2d1a-47b3-878c-8e84f0d211ba" Name="_Status" />
            <pnp:FieldRef ID="2e33fa88-b64a-4362-b790-6566941d4ebd" Name="SALHLoggedInEmployeeUser" />
            <pnp:FieldRef ID="90dc53f9-a7f6-4f1c-b440-d2462c3d9154" Name="SALHLoggedInEmployeeID" />
            <pnp:FieldRef ID="6431e839-7d34-4d61-83d1-7a674a0d2dc1" Name="SALHLoggedInEmployeeID_x003A_Full_x0020_Name" />
            <pnp:FieldRef ID="92e732c3-a40b-495b-8e00-9f0d271548e5" Name="SALHShiftLeadEmployeeID" />
            <pnp:FieldRef ID="ec100077-8400-4410-8941-064aaa846537" Name="SALHShiftLeadEmployeeID_x003A_Full_x0020_Name" />
            <pnp:FieldRef ID="0da8c3a8-a138-4a36-b139-48e26e3f45d0" Name="ReviewNotes" />
            <pnp:FieldRef ID="c60a78bd-d656-492f-95db-0d7c85da7971" Name="SALSysWorkflowStateJSON" />
            <pnp:FieldRef ID="92381201-6781-427d-a69a-45bf86d4aef0" Name="SALReportLineDataJSON" />
            <pnp:FieldRef ID="8a121252-85a9-443d-8217-a1b57020fadf" Name="_EndDate" />
          </pnp:FieldRefs>
        </pnp:ContentType>
        <pnp:ContentType ID="0x0100A199110CB4375C4795819FF6F472993E" Name="EmployeeSecuredRegistry" Description="" Group="AppflowIT" NewFormUrl="" EditFormUrl="" DisplayFormUrl="">
          <pnp:FieldRefs>
            <pnp:FieldRef ID="c042a256-787d-4a6f-8a8a-cf6ab767f12d" Name="ContentType" />
            <pnp:FieldRef ID="fa564e0f-0c70-4ab9-b863-0177e6ddd247" Name="Title" Required="true" />
            <pnp:FieldRef ID="2320f6d3-1888-47d7-a0df-81e3ab70ad3a" Name="LookupEmployee" Required="true" />
            <pnp:FieldRef ID="b5a779a9-1fca-480c-af39-a3735435b2bb" Name="LookupEmployee_x003A_Full_x0020_Name" />
            <pnp:FieldRef ID="6349187e-b431-4453-9c37-9a8693c9ee3a" Name="LookupBuildingSite" />
            <pnp:FieldRef ID="b9d0dd80-677c-4e49-9710-d380dfd338fa" Name="LookupBuildingSite_x003A_BuildingSiteName" />
            <pnp:FieldRef ID="162d56cb-cb96-457c-9cb3-9e05ad2a4d22" Name="LookupReportsTo" />
            <pnp:FieldRef ID="bbe4b9b2-3206-42e7-9710-0285e6ecdbcc" Name="LookupReportsTo_x003A_Full_x0020_Name" />
            <pnp:FieldRef ID="62061443-9d3e-4f13-ac56-47f93aab7574" Name="LookupReviewApprovers" />
            <pnp:FieldRef ID="3bdf055d-7b2a-484d-8a40-3b5f875293bf" Name="LookupReviewApprovers_x003A_Full_x0020_Name" />
            <pnp:FieldRef ID="a6cdda44-bc8e-4649-b24f-3a909b0ec53f" Name="LookupReportingWorkers" />
            <pnp:FieldRef ID="d2e55f6a-2923-49e4-b511-b1cf721f763a" Name="LookupReportingWorkers_x003A_Employee_x0020_ID" />
            <pnp:FieldRef ID="b8df1976-acff-4d41-9210-9dd9fc598ea3" Name="InAppsPermissions" />
            <pnp:FieldRef ID="f5a650cd-1e72-4510-bbfd-acb08aaf98ba" Name="ContractRatePerHour" Required="true" />
            <pnp:FieldRef ID="67d4dae3-0e22-461c-8b47-69b2936dc00c" Name="TotalContractHours" Required="true" />
            <pnp:FieldRef ID="bfeafa11-05ba-4691-877f-8878043064f0" Name="LookupProjects" />
            <pnp:FieldRef ID="93076765-8f9a-40c3-895e-a3ade30ddf1b" Name="LookupProjects_x003A_Title" />
            <pnp:FieldRef ID="d6ee02e2-c5aa-4ba2-958e-95b741838342" Name="LookupProjects_x003A_ProjectNumber" />
          </pnp:FieldRefs>
        </pnp:ContentType>
        <pnp:ContentType ID="0x0100CFBF5FF2DA3D2843A1A7C1F6855F8EB9" Name="BuildingSiteRegistry" Description="Master list of Building or Sites that Shift Manager/Leaders and Workers etc are associated with." Group="AppflowIT" NewFormUrl="" EditFormUrl="" DisplayFormUrl="">
          <pnp:FieldRefs>
            <pnp:FieldRef ID="c042a256-787d-4a6f-8a8a-cf6ab767f12d" Name="ContentType" />
            <pnp:FieldRef ID="fa564e0f-0c70-4ab9-b863-0177e6ddd247" Name="Title" Required="true" />
            <pnp:FieldRef ID="2d3738e7-070a-47cf-80d7-13a4b312d58d" Name="BuildingSiteCode" />
            <pnp:FieldRef ID="9c0d7efb-756d-42e1-813b-a50010e714c4" Name="BuildingSiteName" />
            <pnp:FieldRef ID="65d09d99-d6cd-4555-bb06-cd86a6e68d6b" Name="BuildingSiteAddress" />
            <pnp:FieldRef ID="8c38221e-728d-48d6-9df4-2177c6553b59" Name="BuildingSiteIsActive" />
            <pnp:FieldRef ID="e078cac6-da7f-461e-9027-520433cf93ec" Name="IfIsActiveTitle" />
          </pnp:FieldRefs>
        </pnp:ContentType>
        <pnp:ContentType ID="0x0100DABA4176B98DAD41A30FACCF7A42CA4F" Name="EmployeeRegistry" Description="The type representing all employees - managers and workers and contractors - and their metadata that drives many of the application processes and decisions." Group="AppflowIT" NewFormUrl="" EditFormUrl="" DisplayFormUrl="">
          <pnp:FieldRefs>
            <pnp:FieldRef ID="fa564e0f-0c70-4ab9-b863-0177e6ddd247" Name="Title" Required="true" />
            <pnp:FieldRef ID="c16f798a-ac88-4d97-9127-289466505e7c" Name="PayrollNumber" Required="true" />
            <pnp:FieldRef ID="676b66aa-9cad-4daf-8779-13d1ef3613b9" Name="EmployeeUniqueID" Required="true" />
            <pnp:FieldRef ID="475c2610-c157-4b91-9e2d-6855031b3538" Name="FullName" Required="true" />
            <pnp:FieldRef ID="09e2a06c-e019-4099-a695-dd1b6016fdac" Name="EmployeeRole" Required="true" />
            <pnp:FieldRef ID="132a788d-ad1c-4d61-a51b-9dc0e58a2219" Name="EmployeeADUser" Required="true" />
            <pnp:FieldRef ID="fce16b4c-fe53-4793-aaab-b4892e736d15" Name="EMail" Required="true" />
            <pnp:FieldRef ID="2a464df1-44c1-4851-949d-fcd270f0ccf2" Name="CellPhone" />
            <pnp:FieldRef ID="effa4cc1-2061-44e8-aa09-c73e6a5857db" Name="JobSkillSets" />
            <pnp:FieldRef ID="884bd7a3-e69e-484f-bb95-5a89f4990116" Name="IsActive1" />
            <pnp:FieldRef ID="c042a256-787d-4a6f-8a8a-cf6ab767f12d" Name="ContentType" />
            <pnp:FieldRef ID="f3b0adf9-c1a2-4b02-920d-943fba4b3611" Name="TaxCatchAll" Hidden="true" />
            <pnp:FieldRef ID="1aea5bc5-5ed4-456a-abd5-3bc24254958c" Name="effa4cc1206144e8aa09c73e6a5857db" Hidden="true" />
            <pnp:FieldRef ID="8f6b6dd8-9357-4019-8172-966fcd502ed2" Name="TaxCatchAllLabel" Hidden="true" />
          </pnp:FieldRefs>
        </pnp:ContentType>
      </pnp:ContentTypes>
      <pnp:Lists>
        <pnp:ListInstance Title="BuildingSiteRegistry" Description="" DocumentTemplate="" OnQuickLaunch="true" TemplateType="100" Url="Lists/BuildingSiteRegistry" MinorVersionLimit="0" MaxVersionLimit="0" DraftVersionVisibility="0" TemplateFeatureID="00bfea71-de22-43b2-a848-c05709900100" ContentTypesEnabled="true" EnableFolderCreation="false" DefaultDisplayFormUrl="{site}/Lists/BuildingSiteRegistry/DispForm.aspx" DefaultEditFormUrl="{site}/Lists/BuildingSiteRegistry/EditForm.aspx" DefaultNewFormUrl="{site}/Lists/BuildingSiteRegistry/NewForm.aspx" ImageUrl="/_layouts/15/images/itgen.png?rev=44" IrmExpire="false" IrmReject="false" IsApplicationList="false" ValidationFormula="" ValidationMessage="">
          <pnp:ContentTypeBindings>
            <pnp:ContentTypeBinding ContentTypeID="0x0100CFBF5FF2DA3D2843A1A7C1F6855F8EB9" Default="true" />
            <pnp:ContentTypeBinding ContentTypeID="0x01" />
            <pnp:ContentTypeBinding ContentTypeID="0x0120" />
          </pnp:ContentTypeBindings>
          <pnp:Views>
            <View Name="{2FDDB1AB-676A-4EB2-9C52-22B020EDD458}" DefaultView="TRUE" MobileView="TRUE" MobileDefaultView="TRUE" Type="HTML" DisplayName="All Items" Url="/sites/sal/Lists/BuildingSiteRegistry/AllItems.aspx" Level="1" BaseViewID="1" ContentTypeID="0x" ImageUrl="/_layouts/15/images/generic.png?rev=45">
              <Query>
                <OrderBy>
                  <FieldRef Name="ID" />
                </OrderBy>
              </Query>
              <ViewFields>
                <FieldRef Name="ID" />
                <FieldRef Name="LinkTitle" />
                <FieldRef Name="BuildingSiteCode" />
                <FieldRef Name="BuildingSiteAddress" />
                <FieldRef Name="BuildingSiteIsActive" />
                <FieldRef Name="Modified" />
                <FieldRef Name="Editor" />
              </ViewFields>
              <RowLimit Paged="TRUE">99</RowLimit>
              <Aggregations Value="Off" />
              <JSLink>clienttemplates.js</JSLink>
            </View>
          </pnp:Views>
          <pnp:FieldRefs>
            <pnp:FieldRef ID="2d3738e7-070a-47cf-80d7-13a4b312d58d" Name="BuildingSiteCode" DisplayName="BuildingSiteCode" />
            <pnp:FieldRef ID="9c0d7efb-756d-42e1-813b-a50010e714c4" Name="BuildingSiteName" DisplayName="BuildingSiteName" />
            <pnp:FieldRef ID="65d09d99-d6cd-4555-bb06-cd86a6e68d6b" Name="BuildingSiteAddress" DisplayName="BuildingSiteAddress" />
            <pnp:FieldRef ID="8c38221e-728d-48d6-9df4-2177c6553b59" Name="BuildingSiteIsActive" DisplayName="BuildingSiteIsActive" />
          </pnp:FieldRefs>
          <pnp:Webhooks>
            <pnp:Webhook ServerNotificationUrl="https://1-ukwest1.pushp.svc.ms/notifications?token=w1-83d9d92e-9a8a-4089-bb32-6817781b7bc7" ExpiresInDays="-14" />
            <pnp:Webhook ServerNotificationUrl="https://0-ukwest1.pushp.svc.ms/notifications?token=w1-69ae6c4a-8a8e-4335-8b79-3a1002e55d28" ExpiresInDays="-6" />
            <pnp:Webhook ServerNotificationUrl="https://1-ukwest1.pushp.svc.ms/notifications?token=w0-1ec211a6-b468-47ba-a2bd-4708e482a969" ExpiresInDays="-4" />
          </pnp:Webhooks>
        </pnp:ListInstance>
        <pnp:ListInstance Title="EmployeeRegistry" Description="" DocumentTemplate="" OnQuickLaunch="true" TemplateType="100" Url="Lists/EmployeeRegistry" MinorVersionLimit="0" MaxVersionLimit="0" DraftVersionVisibility="0" TemplateFeatureID="00bfea71-de22-43b2-a848-c05709900100" ContentTypesEnabled="true" EnableFolderCreation="false" NoCrawl="true" DefaultDisplayFormUrl="{site}/Lists/EmployeeRegistry/DispForm.aspx" DefaultEditFormUrl="{site}/Lists/EmployeeRegistry/EditForm.aspx" DefaultNewFormUrl="{site}/Lists/EmployeeRegistry/NewForm.aspx" ImageUrl="/_layouts/15/images/itgen.png?rev=44" IrmExpire="false" IrmReject="false" IsApplicationList="false" ValidationFormula="" ValidationMessage="">
          <pnp:ContentTypeBindings>
            <pnp:ContentTypeBinding ContentTypeID="0x0100DABA4176B98DAD41A30FACCF7A42CA4F" Default="true" />
            <pnp:ContentTypeBinding ContentTypeID="0x01" />
            <pnp:ContentTypeBinding ContentTypeID="0x0120" />
          </pnp:ContentTypeBindings>
          <pnp:Views>
            <View Name="{DE898CC8-7E6A-4488-AA14-9768863F63EB}" DefaultView="TRUE" MobileView="TRUE" MobileDefaultView="TRUE" Type="HTML" DisplayName="All Items" Url="/sites/sal/Lists/EmployeeRegistry/AllItems.aspx" Level="1" BaseViewID="1" ContentTypeID="0x" ImageUrl="/_layouts/15/images/generic.png?rev=45">
              <Query>
                <GroupBy Collapse="FALSE" GroupLimit="30">
                  <FieldRef Name="EmployeeRole" />
                </GroupBy>
                <OrderBy>
                  <FieldRef Name="EmployeeRole" />
                </OrderBy>
              </Query>
              <ViewFields>
                <FieldRef Name="ID" />
                <FieldRef Name="LinkTitle" />
                <FieldRef Name="FullName" />
                <FieldRef Name="PayrollNumber" />
                <FieldRef Name="EmployeeUniqueID" />
                <FieldRef Name="EmployeeRole" />
                <FieldRef Name="EmployeeADUser" />
                <FieldRef Name="EMail" />
                <FieldRef Name="IsActive1" />
                <FieldRef Name="JobSkillSets" />
                <FieldRef Name="Modified" />
                <FieldRef Name="Editor" />
                <FieldRef Name="IfIsShiftLeaderTitle" />
                <FieldRef Name="IfIsShiftManagerTitle" />
                <FieldRef Name="IfIsShiftWorkerTitle" />
              </ViewFields>
              <RowLimit Paged="TRUE">99</RowLimit>
              <Aggregations Value="Off" />
              <JSLink>clienttemplates.js</JSLink>
            </View>
          </pnp:Views>
          <pnp:Fields>
            <Field Type="Calculated" DisplayName="IfIsShiftLeaderTitle" Description="Shows Title in/for Lookups - if - Employee Role is ShiftLeader." EnforceUniqueValues="FALSE" Indexed="FALSE" Format="DateOnly" LCID="1033" ResultType="Text" ReadOnly="TRUE" ID="{181f0e21-f123-4faf-a9c4-6edbbfec3f52}" SourceID="{{listid:EmployeeRegistry}}" StaticName="IfIsShiftLeaderTitle" Name="IfIsShiftLeaderTitle" ColName="sql_variant1" RowOrdinal="0">
              <Formula>=IF(AND(IsActive,[{fieldtitle:EmployeeRole}]="ShiftLeader"),Title,"")</Formula>
            </Field>
            <Field Type="Calculated" DisplayName="IfIsShiftManagerTitle" Description="Shows Title in/for Lookups - if - Employee Role is ShiftManager." EnforceUniqueValues="FALSE" Indexed="FALSE" Format="DateOnly" LCID="1033" ResultType="Text" ReadOnly="TRUE" ID="{b9ae07ed-2a93-4dbe-bf4c-e5f4e953968e}" SourceID="{{listid:EmployeeRegistry}}" StaticName="IfIsShiftManagerTitle" Name="IfIsShiftManagerTitle" ColName="sql_variant2" RowOrdinal="0" CustomFormatter="" Required="FALSE" Version="1">
              <Formula>=IF(AND(IsActive,OR([{fieldtitle:EmployeeRole}]="ShiftManager",[{fieldtitle:EmployeeRole}]="RegionalManager")),Title,"")</Formula>
            </Field>
            <Field Type="Calculated" DisplayName="IfIsShiftWorkerTitle" Description="Shows Title in/for Lookups - if - Employee Role is ShiftWorker." EnforceUniqueValues="FALSE" Indexed="FALSE" Format="DateOnly" LCID="1033" ResultType="Text" ReadOnly="TRUE" ID="{7277dd56-fe13-4ee8-bd93-9cb07fdd132b}" SourceID="{{listid:EmployeeRegistry}}" StaticName="IfIsShiftWorkerTitle" Name="IfIsShiftWorkerTitle" ColName="sql_variant3" RowOrdinal="0">
              <Formula>=IF(AND(IsActive,[{fieldtitle:EmployeeRole}]="ShiftWorker"),Title,"")</Formula>
            </Field>
          </pnp:Fields>
          <pnp:FieldRefs>
            <pnp:FieldRef ID="1aea5bc5-5ed4-456a-abd5-3bc24254958c" Name="effa4cc1206144e8aa09c73e6a5857db" Hidden="true" DisplayName="JobSkillSets_0" />
            <pnp:FieldRef ID="c16f798a-ac88-4d97-9127-289466505e7c" Name="PayrollNumber" DisplayName="Payroll Number" />
            <pnp:FieldRef ID="676b66aa-9cad-4daf-8779-13d1ef3613b9" Name="EmployeeUniqueID" DisplayName="Employee ID" />
            <pnp:FieldRef ID="475c2610-c157-4b91-9e2d-6855031b3538" Name="FullName" DisplayName="Full Name" />
            <pnp:FieldRef ID="09e2a06c-e019-4099-a695-dd1b6016fdac" Name="EmployeeRole" DisplayName="Employee Role" />
            <pnp:FieldRef ID="132a788d-ad1c-4d61-a51b-9dc0e58a2219" Name="EmployeeADUser" DisplayName="Employee User" />
            <pnp:FieldRef ID="fce16b4c-fe53-4793-aaab-b4892e736d15" Name="EMail" DisplayName="E-Mail" />
            <pnp:FieldRef ID="2a464df1-44c1-4851-949d-fcd270f0ccf2" Name="CellPhone" DisplayName="Mobile Number" />
            <pnp:FieldRef ID="effa4cc1-2061-44e8-aa09-c73e6a5857db" Name="JobSkillSets" DisplayName="Job Skills" />
            <pnp:FieldRef ID="884bd7a3-e69e-484f-bb95-5a89f4990116" Name="IsActive1" DisplayName="IsActive" />
          </pnp:FieldRefs>
          <pnp:Webhooks>
            <pnp:Webhook ServerNotificationUrl="https://1-ukwest1.pushp.svc.ms/notifications?token=w3-0fcb8c36-d76a-4bd0-ba38-7dfbab7446fd" ExpiresInDays="-12" />
            <pnp:Webhook ServerNotificationUrl="https://0-ukwest1.pushp.svc.ms/notifications?token=w1-61285e23-2841-431e-8c54-7faa411eef34" ExpiresInDays="-6" />
            <pnp:Webhook ServerNotificationUrl="https://0-ukwest1.pushp.svc.ms/notifications?token=w1-296f9556-9514-4099-802f-b7eadc8672ad" ExpiresInDays="-4" />
            <pnp:Webhook ServerNotificationUrl="https://1-ukwest1.pushp.svc.ms/notifications?token=w0-1c7b86d5-e058-4195-a9f7-79b1578b04e4" ExpiresInDays="-4" />
          </pnp:Webhooks>
        </pnp:ListInstance>
        <pnp:ListInstance Title="EmployeeSecuredRegistry" Description="" DocumentTemplate="" TemplateType="100" Url="Lists/EmployeeSecuredRegistry" MinorVersionLimit="0" MaxVersionLimit="0" DraftVersionVisibility="0" TemplateFeatureID="00bfea71-de22-43b2-a848-c05709900100" ContentTypesEnabled="true" EnableFolderCreation="false" DefaultDisplayFormUrl="{site}/Lists/EmployeeSecuredRegistry/DispForm.aspx" DefaultEditFormUrl="{site}/Lists/EmployeeSecuredRegistry/EditForm.aspx" DefaultNewFormUrl="{site}/Lists/EmployeeSecuredRegistry/NewForm.aspx" ImageUrl="/_layouts/15/images/itgen.png?rev=45" IrmExpire="false" IrmReject="false" IsApplicationList="false" ValidationFormula="" ValidationMessage="">
          <pnp:ContentTypeBindings>
            <pnp:ContentTypeBinding ContentTypeID="0x0100A199110CB4375C4795819FF6F472993E" Default="true" />
            <pnp:ContentTypeBinding ContentTypeID="0x01" />
            <pnp:ContentTypeBinding ContentTypeID="0x0120" />
          </pnp:ContentTypeBindings>
          <pnp:Views>
            <View Name="{9A0A541E-B971-4350-A7CA-49149ACEE671}" DefaultView="TRUE" MobileView="TRUE" MobileDefaultView="TRUE" Type="HTML" DisplayName="All Items" Url="/sites/sal/Lists/EmployeeSecuredRegistry/AllItems.aspx" Level="1" BaseViewID="1" ContentTypeID="0x" ImageUrl="/_layouts/15/images/generic.png?rev=45">
              <Query>
                <GroupBy Collapse="FALSE" GroupLimit="30">
                  <FieldRef Name="LookupReportsTo" />
                </GroupBy>
                <OrderBy>
                  <FieldRef Name="ID" />
                </OrderBy>
              </Query>
              <ViewFields>
                <FieldRef Name="LinkTitle" />
                <FieldRef Name="LookupEmployee" />
                <FieldRef Name="LookupBuildingSite" />
                <FieldRef Name="TotalContractHours" />
                <FieldRef Name="ContractRatePerHour" />
                <FieldRef Name="LookupReportingWorkers" />
                <FieldRef Name="LookupReportsTo" />
                <FieldRef Name="LookupReviewApprovers" />
                <FieldRef Name="LookupProjects_x003A_ProjectNumb" />
                <FieldRef Name="LookupProjects_x003A_Title" />
              </ViewFields>
              <RowLimit Paged="TRUE">99</RowLimit>
              <Aggregations Value="Off" />
              <JSLink>clienttemplates.js</JSLink>
            </View>
          </pnp:Views>
          <pnp:FieldRefs>
            <pnp:FieldRef ID="2320f6d3-1888-47d7-a0df-81e3ab70ad3a" Name="LookupEmployee" DisplayName="LookupEmployee" />
            <pnp:FieldRef ID="b5a779a9-1fca-480c-af39-a3735435b2bb" Name="LookupEmployee_x003A_Full_x0020_" DisplayName="LookupEmployee:Full Name" />
            <pnp:FieldRef ID="6349187e-b431-4453-9c37-9a8693c9ee3a" Name="LookupBuildingSite" DisplayName="LookupBuildingSite" />
            <pnp:FieldRef ID="b9d0dd80-677c-4e49-9710-d380dfd338fa" Name="LookupBuildingSite_x003A_Buildin" DisplayName="LookupBuildingSite:BuildingSiteName" />
            <pnp:FieldRef ID="162d56cb-cb96-457c-9cb3-9e05ad2a4d22" Name="LookupReportsTo" DisplayName="LookupReportsTo" />
            <pnp:FieldRef ID="bbe4b9b2-3206-42e7-9710-0285e6ecdbcc" Name="LookupReportsTo_x003A_Full_x0020" DisplayName="LookupReportsTo:Full Name" />
            <pnp:FieldRef ID="62061443-9d3e-4f13-ac56-47f93aab7574" Name="LookupReviewApprovers" DisplayName="LookupReviewApprovers" />
            <pnp:FieldRef ID="3bdf055d-7b2a-484d-8a40-3b5f875293bf" Name="LookupReviewApprovers_x003A_Full" DisplayName="LookupReviewApprovers:Full Name" />
            <pnp:FieldRef ID="a6cdda44-bc8e-4649-b24f-3a909b0ec53f" Name="LookupReportingWorkers" DisplayName="LookupReportingWorkers" />
            <pnp:FieldRef ID="d2e55f6a-2923-49e4-b511-b1cf721f763a" Name="LookupReportingWorkers_x003A_Emp" DisplayName="LookupReportingWorkers:Employee ID" />
            <pnp:FieldRef ID="b8df1976-acff-4d41-9210-9dd9fc598ea3" Name="InAppsPermissions" DisplayName="InAppsPermissions" />
            <pnp:FieldRef ID="f5a650cd-1e72-4510-bbfd-acb08aaf98ba" Name="ContractRatePerHour" DisplayName="ContractRatePerHour" />
            <pnp:FieldRef ID="67d4dae3-0e22-461c-8b47-69b2936dc00c" Name="TotalContractHours" DisplayName="TotalContractHours" />
            <pnp:FieldRef ID="bfeafa11-05ba-4691-877f-8878043064f0" Name="LookupProjects" DisplayName="LookupProjects" />
            <pnp:FieldRef ID="93076765-8f9a-40c3-895e-a3ade30ddf1b" Name="LookupProjects_x003A_Title" DisplayName="LookupProjects:Title" />
            <pnp:FieldRef ID="d6ee02e2-c5aa-4ba2-958e-95b741838342" Name="LookupProjects_x003A_ProjectNumb" DisplayName="LookupProjects:ProjectNumber" />
          </pnp:FieldRefs>
          <pnp:Webhooks>
            <pnp:Webhook ServerNotificationUrl="https://1-ukwest1.pushp.svc.ms/notifications?token=w1-004183f0-ecc7-4505-91b6-14d2f884e0bf" ExpiresInDays="-14" />
            <pnp:Webhook ServerNotificationUrl="https://0-ukwest1.pushp.svc.ms/notifications?token=w3-5e373ec1-66bb-4bc4-9ad7-70e1137ccdcf" ExpiresInDays="-14" />
            <pnp:Webhook ServerNotificationUrl="https://0-ukwest1.pushp.svc.ms/notifications?token=w0-e5f48c75-d9c8-483c-bf89-61c83b7be526" ExpiresInDays="-14" />
            <pnp:Webhook ServerNotificationUrl="https://0-ukwest1.pushp.svc.ms/notifications?token=w0-09965e3b-c395-47fd-9562-bac7505d0622" ExpiresInDays="-14" />
            <pnp:Webhook ServerNotificationUrl="https://0-ukwest1.pushp.svc.ms/notifications?token=w0-c78c7c5b-6ca3-478a-8adc-4f57d1a07c3b" ExpiresInDays="-14" />
            <pnp:Webhook ServerNotificationUrl="https://1-ukwest1.pushp.svc.ms/notifications?token=w3-fb46c541-2c6f-46e1-9c97-cff21caedd15" ExpiresInDays="-12" />
            <pnp:Webhook ServerNotificationUrl="https://0-ukwest1.pushp.svc.ms/notifications?token=w1-80a42fb4-5ad3-43c2-8786-0636700e67e5" ExpiresInDays="-6" />
            <pnp:Webhook ServerNotificationUrl="https://1-ukwest1.pushp.svc.ms/notifications?token=w2-000e2fa4-c108-4c92-86ef-a473a54f67f1" ExpiresInDays="-4" />
            <pnp:Webhook ServerNotificationUrl="https://1-ukwest1.pushp.svc.ms/notifications?token=w1-02d0e78d-6d1a-494a-8d16-3698baba3720" ExpiresInDays="-4" />
            <pnp:Webhook ServerNotificationUrl="https://1-ukwest1.pushp.svc.ms/notifications?token=w1-2c0481b8-0ad6-41e1-a4e7-a4e23fedd85a" ExpiresInDays="-4" />
            <pnp:Webhook ServerNotificationUrl="https://1-ukwest1.pushp.svc.ms/notifications?token=w3-7327d8b5-f3b1-47af-964e-a262c0760cda" ExpiresInDays="-4" />
            <pnp:Webhook ServerNotificationUrl="https://1-ukwest1.pushp.svc.ms/notifications?token=w0-ba00dd0a-88a7-461f-8f08-06416341e842" ExpiresInDays="-4" />
          </pnp:Webhooks>
        </pnp:ListInstance>
        <pnp:ListInstance Title="ProjectsRegistry" Description="" DocumentTemplate="" OnQuickLaunch="true" TemplateType="100" Url="Lists/ProjectsRegistry" MinorVersionLimit="0" MaxVersionLimit="0" DraftVersionVisibility="0" TemplateFeatureID="00bfea71-de22-43b2-a848-c05709900100" ContentTypesEnabled="true" EnableFolderCreation="false" DefaultDisplayFormUrl="{site}/Lists/ProjectsRegistry/DispForm.aspx" DefaultEditFormUrl="{site}/Lists/ProjectsRegistry/EditForm.aspx" DefaultNewFormUrl="{site}/Lists/ProjectsRegistry/NewForm.aspx" ImageUrl="/_layouts/15/images/itgen.png?rev=45" IrmExpire="false" IrmReject="false" IsApplicationList="false" ValidationFormula="" ValidationMessage="">
          <pnp:ContentTypeBindings>
            <pnp:ContentTypeBinding ContentTypeID="0x01000637821FE1EC9F46838EAF6DB9E732F1" Default="true" />
            <pnp:ContentTypeBinding ContentTypeID="0x01" />
            <pnp:ContentTypeBinding ContentTypeID="0x0120" />
          </pnp:ContentTypeBindings>
          <pnp:Views>
            <View Name="{FE204D53-B9B5-46B0-80F2-06E3DE31860C}" DefaultView="TRUE" MobileView="TRUE" MobileDefaultView="TRUE" Type="HTML" DisplayName="All Items" Url="/sites/sal/Lists/ProjectsRegistry/AllItems.aspx" Level="1" BaseViewID="1" ContentTypeID="0x" ImageUrl="/_layouts/15/images/generic.png?rev=45">
              <Query>
                <OrderBy>
                  <FieldRef Name="ID" />
                </OrderBy>
              </Query>
              <ViewFields>
                <FieldRef Name="ID" />
                <FieldRef Name="IsActive1" />
                <FieldRef Name="LinkTitle" />
                <FieldRef Name="ProjectNumber" />
                <FieldRef Name="ProjectActivityCategory" />
                <FieldRef Name="ChargeRateCosting" />
                <FieldRef Name="WorkerRateCosting" />
              </ViewFields>
              <RowLimit Paged="TRUE">30</RowLimit>
              <Aggregations Value="Off" />
              <JSLink>clienttemplates.js</JSLink>
            </View>
          </pnp:Views>
          <pnp:FieldRefs>
            <pnp:FieldRef ID="ecccdf02-ecc3-4238-879c-d78fdbb7a994" Name="ProjectNumber" DisplayName="ProjectNumber" />
            <pnp:FieldRef ID="1f033c7b-fe64-447a-b4a5-76f28f122fc3" Name="ProjectActivityCategory" DisplayName="ProjectActivityCategory" />
            <pnp:FieldRef ID="74de07ca-0d1c-4328-a751-094eaeab3c28" Name="WorkerRateCosting" DisplayName="WorkerRateCosting" />
            <pnp:FieldRef ID="437ce79e-f22f-44db-bf94-5fed301f6138" Name="ChargeRateCosting" DisplayName="ChargeRateCosting" />
            <pnp:FieldRef ID="884bd7a3-e69e-484f-bb95-5a89f4990116" Name="IsActive1" DisplayName="IsActive" />
            <pnp:FieldRef ID="e078cac6-da7f-461e-9027-520433cf93ec" Name="IfIsActiveTitle" DisplayName="IfIsActiveTitle" />
          </pnp:FieldRefs>
          <pnp:Webhooks>
            <pnp:Webhook ServerNotificationUrl="https://0-ukwest1.pushp.svc.ms/notifications?token=w3-df3e3c72-0a13-40bd-a3ff-f721619e7d32" ExpiresInDays="-1" />
            <pnp:Webhook ServerNotificationUrl="https://0-ukwest1.pushp.svc.ms/notifications?token=w3-2d7d91eb-8ad2-47db-abd5-644e6352a329" ExpiresInDays="0" />
          </pnp:Webhooks>
        </pnp:ListInstance>
        <pnp:ListInstance Title="ShiftActivityLog" Description="" DocumentTemplate="" OnQuickLaunch="true" TemplateType="100" Url="Lists/ShiftActivityLog" MinorVersionLimit="0" MaxVersionLimit="0" DraftVersionVisibility="0" TemplateFeatureID="00bfea71-de22-43b2-a848-c05709900100" ContentTypesEnabled="true" EnableFolderCreation="false" DefaultDisplayFormUrl="{site}/Lists/ShiftActivityLog/DispForm.aspx" DefaultEditFormUrl="{site}/Lists/ShiftActivityLog/EditForm.aspx" DefaultNewFormUrl="{site}/Lists/ShiftActivityLog/NewForm.aspx" ImageUrl="/_layouts/15/images/itgen.png?rev=45" IrmExpire="false" IrmReject="false" IsApplicationList="false" ValidationFormula="" ValidationMessage="">
          <pnp:ContentTypeBindings>
            <pnp:ContentTypeBinding ContentTypeID="0x01003759D8229C4C1D4384080E4AEEB76729" Default="true" />
            <pnp:ContentTypeBinding ContentTypeID="0x01" />
            <pnp:ContentTypeBinding ContentTypeID="0x0120" />
          </pnp:ContentTypeBindings>
          <pnp:Views>
            <View Name="{396C12C4-985A-44FD-A381-8E92FE93429D}" DefaultView="TRUE" MobileView="TRUE" MobileDefaultView="TRUE" Type="HTML" DisplayName="All Items" Url="/sites/sal/Lists/ShiftActivityLog/AllItems.aspx" Level="1" BaseViewID="1" ContentTypeID="0x" ImageUrl="/_layouts/15/images/generic.png?rev=45">
              <Query>
                <OrderBy>
                  <FieldRef Name="ID" />
                </OrderBy>
              </Query>
              <ViewFields>
                <FieldRef Name="SALHUniqueID" />
                <FieldRef Name="_EndDate" />
                <FieldRef Name="LinkTitle" />
                <FieldRef Name="LookupBuildingSite" />
                <FieldRef Name="SALHLoggedInEmployeeID" />
                <FieldRef Name="SALHLoggedInEmployeeUser" />
                <FieldRef Name="SALHShiftLeadEmployeeID" />
                <FieldRef Name="_Status" />
                <FieldRef Name="IsActive1" />
                <FieldRef Name="ReviewNotes" />
                <FieldRef Name="SALReportLineDataJSON" />
                <FieldRef Name="SALSysWorkflowStateJSON" />
              </ViewFields>
              <RowLimit Paged="TRUE">30</RowLimit>
              <Aggregations Value="Off" />
              <JSLink>clienttemplates.js</JSLink>
            </View>
          </pnp:Views>
          <pnp:FieldRefs>
            <pnp:FieldRef ID="068a01f6-8f57-4018-b69c-e1705e5f52d5" Name="SALHUniqueID" DisplayName="SALHUniqueID" />
            <pnp:FieldRef ID="6349187e-b431-4453-9c37-9a8693c9ee3a" Name="LookupBuildingSite" DisplayName="LookupBuildingSite" />
            <pnp:FieldRef ID="b9d0dd80-677c-4e49-9710-d380dfd338fa" Name="LookupBuildingSite_x003A_Buildin" DisplayName="LookupBuildingSite:BuildingSiteName" />
            <pnp:FieldRef ID="884bd7a3-e69e-484f-bb95-5a89f4990116" Name="IsActive1" DisplayName="IsActive" />
            <pnp:FieldRef ID="1dab9b48-2d1a-47b3-878c-8e84f0d211ba" Name="_Status" DisplayName="Status" />
            <pnp:FieldRef ID="2e33fa88-b64a-4362-b790-6566941d4ebd" Name="SALHLoggedInEmployeeUser" DisplayName="SALHLoggedInEmployeeUser" />
            <pnp:FieldRef ID="90dc53f9-a7f6-4f1c-b440-d2462c3d9154" Name="SALHLoggedInEmployeeID" DisplayName="SALHLoggedInEmployeeID" />
            <pnp:FieldRef ID="6431e839-7d34-4d61-83d1-7a674a0d2dc1" Name="SALHLoggedInEmployeeID_x003A_Ful" DisplayName="SALHLoggedInEmployeeID:Full Name" />
            <pnp:FieldRef ID="92e732c3-a40b-495b-8e00-9f0d271548e5" Name="SALHShiftLeadEmployeeID" DisplayName="SALHShiftLeadEmployeeID" />
            <pnp:FieldRef ID="ec100077-8400-4410-8941-064aaa846537" Name="SALHShiftLeadEmployeeID_x003A_Fu" DisplayName="SALHShiftLeadEmployeeID:Full Name" />
            <pnp:FieldRef ID="0da8c3a8-a138-4a36-b139-48e26e3f45d0" Name="ReviewNotes" DisplayName="ReviewNotes" />
            <pnp:FieldRef ID="c60a78bd-d656-492f-95db-0d7c85da7971" Name="SALSysWorkflowStateJSON" DisplayName="SALSysWorkflowStateJSON" />
            <pnp:FieldRef ID="92381201-6781-427d-a69a-45bf86d4aef0" Name="SALReportLineDataJSON" DisplayName="SALReportLineDataJSON" />
            <pnp:FieldRef ID="8a121252-85a9-443d-8217-a1b57020fadf" Name="_EndDate" DisplayName="End Date" />
          </pnp:FieldRefs>
          <pnp:Webhooks>
            <pnp:Webhook ServerNotificationUrl="https://1-ukwest1.pushp.svc.ms/notifications?token=w2-17c09a5f-b66e-44cd-9926-bf2ded9cf3f0" ExpiresInDays="-4" />
            <pnp:Webhook ServerNotificationUrl="https://0-ukwest1.pushp.svc.ms/notifications?token=w2-3ed13d60-248a-4902-954b-7f98698b3933" ExpiresInDays="-4" />
            <pnp:Webhook ServerNotificationUrl="https://0-ukwest1.pushp.svc.ms/notifications?token=w2-0c03c9fb-8a92-4ab4-9a82-be77e27f1755" ExpiresInDays="-4" />
            <pnp:Webhook ServerNotificationUrl="https://0-ukwest1.pushp.svc.ms/notifications?token=w2-db85ec6b-b338-433d-af11-f058b256c008" ExpiresInDays="-4" />
          </pnp:Webhooks>
        </pnp:ListInstance>
      </pnp:Lists>
      <pnp:Pages>
        <pnp:Page Url="{site}/SitePages/Home.aspx" Overwrite="true" Layout="Custom">
          <pnp:Fields>
            <pnp:Field FieldName="WikiField">&lt;div class="ExternalClassDCB2330BCEB147E595C62D9CFAC2C910"&gt;
            &lt;table id="layoutsTable" style="width&amp;#58;100%;"&gt;&lt;tbody&gt;&lt;tr style="vertical-align&amp;#58;top;"&gt;&lt;td colspan="2"&gt;&lt;div class="ms-rte-layoutszone-outer" style="width&amp;#58;100%;"&gt;&lt;div class="ms-rte-layoutszone-inner"&gt;&lt;div class="ms-rtestate-read ms-rte-wpbox"&gt;&lt;div class="ms-rtestate-notify  ms-rtestate-read 0bbba63b-ca56-405d-a7ae-b18c771a9ade" id="div_0bbba63b-ca56-405d-a7ae-b18c771a9ade" unselectable="on"&gt;&lt;/div&gt;
  &lt;div class="ms-rtestate-read" id="vid_0bbba63b-ca56-405d-a7ae-b18c771a9ade" unselectable="on" style="display&amp;#58;none;"&gt;&lt;/div&gt;
&lt;/div&gt;
&lt;/div&gt;&amp;#160;&lt;/div&gt;&lt;/td&gt;&lt;/tr&gt;&lt;tr style="vertical-align&amp;#58;top;"&gt;&lt;td style="width&amp;#58;49.95%;"&gt;&lt;div class="ms-rte-layoutszone-outer" style="width&amp;#58;100%;"&gt;&lt;div class="ms-rte-layoutszone-inner"&gt;&lt;div class="ms-rtestate-read ms-rte-wpbox"&gt;&lt;div class="ms-rtestate-notify  ms-rtestate-read da239226-6014-47d7-b6be-2a6243717f55" id="div_da239226-6014-47d7-b6be-2a6243717f55" unselectable="on"&gt;&lt;/div&gt;
  &lt;div class="ms-rtestate-read" id="vid_da239226-6014-47d7-b6be-2a6243717f55" unselectable="on" style="display&amp;#58;none;"&gt;&lt;/div&gt;
&lt;/div&gt;
&lt;/div&gt;&amp;#160;&lt;/div&gt;&lt;/td&gt;&lt;td class="ms-wiki-columnSpacing" style="width&amp;#58;49.95%;"&gt;&lt;div class="ms-rte-layoutszone-outer" style="width&amp;#58;100%;"&gt;&lt;div class="ms-rte-layoutszone-inner"&gt;&lt;div class="ms-rtestate-read ms-rte-wpbox"&gt;&lt;div class="ms-rtestate-notify  ms-rtestate-read 8d51d8cd-cc55-4f94-b505-13c3597f71b7" id="div_8d51d8cd-cc55-4f94-b505-13c3597f71b7" unselectable="on"&gt;&lt;/div&gt;
  &lt;div class="ms-rtestate-read" id="vid_8d51d8cd-cc55-4f94-b505-13c3597f71b7" unselectable="on" style="display&amp;#58;none;"&gt;&lt;/div&gt;
&lt;/div&gt;
&lt;/div&gt;&amp;#160;&lt;/div&gt;&lt;/td&gt;&lt;/tr&gt;&lt;/tbody&gt;&lt;/table&gt;
            &lt;span id="layoutsData" style="display&amp;#58;none;"&gt;true,false,2&lt;/span&gt;&lt;/div&gt;</pnp:Field>
          </pnp:Fields>
        </pnp:Page>
      </pnp:Pages>
    </pnp:ProvisioningTemplate>
  </pnp:Templates>
</pnp:Provisioning>