<?xml version="1.0"?>
<pnp:Provisioning xmlns:pnp="http://schemas.dev.office.com/PnP/2018/07/ProvisioningSchema">
  <pnp:Preferences Generator="OfficeDevPnP.Core, Version=3.3.1811.0, Culture=neutral, PublicKeyToken=5e633289e95c321a" />
  <pnp:Templates ID="CONTAINER-TEMPLATE-FCF3FF131D3543EFA994896802902A65">
    <pnp:ProvisioningTemplate ID="TEMPLATE-FCF3FF131D3543EFA994896802902A65" Version="1" BaseSiteTemplate="STS#0" Scope="RootSite">
      <pnp:WebSettings NoCrawl="false" WelcomePage="SitePages/Home.aspx" CommentsOnSitePagesDisabled="false" QuickLaunchEnabled="false" />
      <pnp:RegionalSettings AdjustHijriDays="0" AlternateCalendarType="None" CalendarType="Gregorian" Collation="25" FirstDayOfWeek="Sunday" FirstWeekOfYear="0" LocaleId="1033" ShowWeeks="false" Time24="false" TimeZone="2" WorkDayEndHour="5:00PM" WorkDays="62" WorkDayStartHour="8:00AM" />
      <pnp:Security RemoveExistingUniqueRoleAssignments="false">
        <pnp:AdditionalAdministrators>
          <pnp:User Name="i:0#.f|membership|am@appflowitdevnov2018.onmicrosoft.com" />
        </pnp:AdditionalAdministrators>
        <pnp:AdditionalOwners>
          <pnp:User Name="i:0#.f|membership|am@appflowitdevnov2018.onmicrosoft.com" />
          <pnp:User Name="i:0#.f|membership|spadmin@appflowitdevnov2018.onmicrosoft.com" />
        </pnp:AdditionalOwners>
        <pnp:Permissions />
      </pnp:Security>
      <pnp:Navigation AddNewPagesToNavigation="true" CreateFriendlyUrlsForNewPages="true">
        <pnp:GlobalNavigation NavigationType="Structural">
          <pnp:StructuralNavigation RemoveExistingNodes="false">
            <pnp:NavigationNode Title="Home" Url="{site}" />
          </pnp:StructuralNavigation>
        </pnp:GlobalNavigation>
        <pnp:CurrentNavigation NavigationType="StructuralLocal">
          <pnp:StructuralNavigation RemoveExistingNodes="false">
            <pnp:NavigationNode Title="Home" Url="{site}" />
            <pnp:NavigationNode Title="Documents" Url="{site}/Shared Documents/Forms/AllItems.aspx" />
            <pnp:NavigationNode Title="Recent" Url="" IsExternal="true" />
            <pnp:NavigationNode Title="RequestForTemplateOfTypes" Url="{site}/Lists/RequestForTemplateOfTypes/AllItems.aspx" />
            <pnp:NavigationNode Title="Site contents" Url="{site}/_layouts/15/viewlsts.aspx" IsExternal="true" />
          </pnp:StructuralNavigation>
        </pnp:CurrentNavigation>
      </pnp:Navigation>
      <pnp:SiteFields>
        <Field ID="{460af194-a8c5-456f-861b-514ef371143b}" Type="Note" DisplayName="Label" Name="DLCPolicyLabelValue" Required="FALSE" ReadOnly="TRUE" Sealed="TRUE" Description="Stores the current value of the label." ShowInDisplayForm="TRUE" SourceID="{b4a80b3c-0ec3-4dad-aca8-b85b01267ed0}" StaticName="DLCPolicyLabelValue" />
        <Field ID="{bac6e4df-78c0-4f47-9ea3-92678c4a319f}" Type="Text" DisplayName="Label Locked" Name="DLCPolicyLabelLock" Required="FALSE" ReadOnly="FALSE" Sealed="FALSE" Description="Indicates whether the label should be updated when item properties are modified." Hidden="TRUE" SourceID="{b4a80b3c-0ec3-4dad-aca8-b85b01267ed0}" StaticName="DLCPolicyLabelLock" />
        <Field ID="{ca3198f5-c843-41c7-b355-f4025e09cdf6}" Type="Note" DisplayName="Client Label Value" Name="DLCPolicyLabelClientValue" Required="FALSE" ReadOnly="FALSE" Sealed="FALSE" Description="Stores the last label value computed on the client." Hidden="TRUE" SourceID="{b4a80b3c-0ec3-4dad-aca8-b85b01267ed0}" StaticName="DLCPolicyLabelClientValue" />
      </pnp:SiteFields>
      <pnp:ContentTypes>
        <pnp:ContentType ID="0x010084F6474257B9F446B0BD014791D9E021" Name="RequestForTemplateOfTypeBase" Description="" Group="AppflowIT" NewFormUrl="" EditFormUrl="" DisplayFormUrl="">
          <pnp:FieldRefs>
            <pnp:FieldRef ID="c042a256-787d-4a6f-8a8a-cf6ab767f12d" Name="ContentType" />
            <pnp:FieldRef ID="fa564e0f-0c70-4ab9-b863-0177e6ddd247" Name="Title" Required="true" />
            <pnp:FieldRef ID="53101f38-dd2e-458c-b245-0c236cc13d1a" Name="AssignedTo" />
            <pnp:FieldRef ID="52578fc3-1f01-4f4d-b016-94ccbcf428cf" Name="_Comments" />
            <pnp:FieldRef ID="24bfa3c2-e6a0-4651-80e9-3db44bf52147" Name="DateCompleted" />
            <pnp:FieldRef ID="b66e9b50-a28e-469b-b1a0-af0e45486874" Name="Keywords" />
          </pnp:FieldRefs>
        </pnp:ContentType>
        <pnp:ContentType ID="0x010084F6474257B9F446B0BD014791D9E02101" Name="RequestForTemplateOfTypeAX1" Description="" Group="AppflowIT" NewFormUrl="" EditFormUrl="" DisplayFormUrl="">
          <pnp:FieldRefs>
            <pnp:FieldRef ID="c042a256-787d-4a6f-8a8a-cf6ab767f12d" Name="ContentType" />
            <pnp:FieldRef ID="fa564e0f-0c70-4ab9-b863-0177e6ddd247" Name="Title" Required="true" />
            <pnp:FieldRef ID="53101f38-dd2e-458c-b245-0c236cc13d1a" Name="AssignedTo" />
            <pnp:FieldRef ID="52578fc3-1f01-4f4d-b016-94ccbcf428cf" Name="_Comments" />
            <pnp:FieldRef ID="24bfa3c2-e6a0-4651-80e9-3db44bf52147" Name="DateCompleted" />
            <pnp:FieldRef ID="b66e9b50-a28e-469b-b1a0-af0e45486874" Name="Keywords" />
            <pnp:FieldRef ID="b0227f1a-b179-4d45-855b-a18f03706bcb" Name="_dlc_Exempt" Hidden="true" />
            <pnp:FieldRef ID="460af194-a8c5-456f-861b-514ef371143b" Name="DLCPolicyLabelValue" />
            <pnp:FieldRef ID="ca3198f5-c843-41c7-b355-f4025e09cdf6" Name="DLCPolicyLabelClientValue" Hidden="true" />
            <pnp:FieldRef ID="bac6e4df-78c0-4f47-9ea3-92678c4a319f" Name="DLCPolicyLabelLock" Hidden="true" />
          </pnp:FieldRefs>
        </pnp:ContentType>
        <pnp:ContentType ID="0x010084F6474257B9F446B0BD014791D9E02102" Name="DocFormTemplatesOfTypeBX2" Description="" Group="AppflowIT" NewFormUrl="" EditFormUrl="" DisplayFormUrl="">
          <pnp:FieldRefs>
            <pnp:FieldRef ID="c042a256-787d-4a6f-8a8a-cf6ab767f12d" Name="ContentType" />
            <pnp:FieldRef ID="fa564e0f-0c70-4ab9-b863-0177e6ddd247" Name="Title" Required="true" />
            <pnp:FieldRef ID="53101f38-dd2e-458c-b245-0c236cc13d1a" Name="AssignedTo" />
            <pnp:FieldRef ID="52578fc3-1f01-4f4d-b016-94ccbcf428cf" Name="_Comments" />
            <pnp:FieldRef ID="24bfa3c2-e6a0-4651-80e9-3db44bf52147" Name="DateCompleted" />
            <pnp:FieldRef ID="b66e9b50-a28e-469b-b1a0-af0e45486874" Name="Keywords" />
            <pnp:FieldRef ID="b0227f1a-b179-4d45-855b-a18f03706bcb" Name="_dlc_Exempt" Hidden="true" />
            <pnp:FieldRef ID="460af194-a8c5-456f-861b-514ef371143b" Name="DLCPolicyLabelValue" />
            <pnp:FieldRef ID="ca3198f5-c843-41c7-b355-f4025e09cdf6" Name="DLCPolicyLabelClientValue" Hidden="true" />
            <pnp:FieldRef ID="bac6e4df-78c0-4f47-9ea3-92678c4a319f" Name="DLCPolicyLabelLock" Hidden="true" />
          </pnp:FieldRefs>
        </pnp:ContentType>
        <pnp:ContentType ID="0x0120D5200063BE3645F6553143B2D69CD21568D027" Name="KBDocumentSet" Description="A document set type with properties that will help identify the group of attachments related to custom-unique-id" Group="AppflowIT" NewFormUrl="_layouts/15/NewDocSet.aspx" EditFormUrl="" DisplayFormUrl="">
          <pnp:FieldRefs>
            <pnp:FieldRef ID="c042a256-787d-4a6f-8a8a-cf6ab767f12d" Name="ContentType" />
            <pnp:FieldRef ID="b824e17e-a1b3-426e-aecf-f0184d900485" Name="ItemChildCount" />
            <pnp:FieldRef ID="960ff01f-2b6d-4f1b-9c3f-e19ad8927341" Name="FolderChildCount" />
            <pnp:FieldRef ID="fa564e0f-0c70-4ab9-b863-0177e6ddd247" Name="Title" Hidden="true" />
            <pnp:FieldRef ID="8553196d-ec8d-4564-9861-3dbe931050c8" Name="FileLeafRef" Required="true" />
            <pnp:FieldRef ID="cbb92da4-fd46-4c7d-af6c-3128c2a5576e" Name="Description" />
            <pnp:FieldRef ID="3c4e7a5b-b7d5-4779-a14a-490803e63923" Name="RoutingEnabled" Required="true" />
            <pnp:FieldRef ID="81368791-7cbc-4230-981a-a7669ade9801" Name="CustomerID" />
            <pnp:FieldRef ID="c814b2cf-84c6-4f56-b4a4-c766938a97c5" Name="ol_Department" />
            <pnp:FieldRef ID="53101f38-dd2e-458c-b245-0c236cc13d1a" Name="AssignedTo" />
            <pnp:FieldRef ID="1dab9b48-2d1a-47b3-878c-8e84f0d211ba" Name="_Status" />
          </pnp:FieldRefs>
          <pnp:DocumentSetTemplate>
            <pnp:AllowedContentTypes>
              <pnp:AllowedContentType ContentTypeID="0x0101" />
            </pnp:AllowedContentTypes>
          </pnp:DocumentSetTemplate>
        </pnp:ContentType>
      </pnp:ContentTypes>
      <pnp:Lists>
        <pnp:ListInstance Title="Documents" Description="" DocumentTemplate="{site}/Shared Documents/Forms/template.dotx" OnQuickLaunch="true" TemplateType="101" Url="Shared Documents" EnableVersioning="true" MinorVersionLimit="0" MaxVersionLimit="500" DraftVersionVisibility="0" TemplateFeatureID="00bfea71-e717-4e80-aa17-d0c71b360101" EnableAttachments="false" DefaultDisplayFormUrl="{site}/Shared Documents/Forms/DispForm.aspx" DefaultEditFormUrl="{site}/Shared Documents/Forms/EditForm.aspx" DefaultNewFormUrl="{site}/Shared Documents/Forms/Upload.aspx" ImageUrl="/_layouts/15/images/itdl.png?rev=44" IrmExpire="false" IrmReject="false" IsApplicationList="false" ValidationFormula="" ValidationMessage="">
          <pnp:ContentTypeBindings>
            <pnp:ContentTypeBinding ContentTypeID="0x0101" Default="true" />
            <pnp:ContentTypeBinding ContentTypeID="0x0120" />
          </pnp:ContentTypeBindings>
          <pnp:Views>
            <View Name="{ADD0A253-53B4-44C6-AE65-1C0B98E0CF1C}" DefaultView="TRUE" MobileView="TRUE" MobileDefaultView="TRUE" Type="HTML" DisplayName="All Documents" Url="/sites/kbdoc/Shared Documents/Forms/AllItems.aspx" Level="1" BaseViewID="1" ContentTypeID="0x" ImageUrl="/_layouts/15/images/dlicon.png?rev=45">
              <Query>
                <OrderBy>
                  <FieldRef Name="FileLeafRef" />
                </OrderBy>
              </Query>
              <ViewFields>
                <FieldRef Name="DocIcon" />
                <FieldRef Name="LinkFilename" />
                <FieldRef Name="RequestTemplateOfType" />
                <FieldRef Name="Modified" />
              </ViewFields>
              <RowLimit Paged="TRUE">30</RowLimit>
              <Aggregations Value="Off" />
              <JSLink>clienttemplates.js</JSLink>
            </View>
          </pnp:Views>
          <pnp:Fields>
            <Field DisplayName="RequestTemplateOfType" FillInChoice="FALSE" Format="Dropdown" Title="RequestTemplateOfType" Type="Choice" ID="{ddf19881-facd-4d28-a9db-27a4f5fdb6dd}" SourceID="{{listid:Documents}}" StaticName="RequestTemplateOfType" Name="RequestTemplateOfType" ColName="nvarchar13" RowOrdinal="0">
              <CHOICES>
                <CHOICE>DocFormTemplatesOfTypeBX2</CHOICE>
                <CHOICE>RequestForTemplateOfTypeAX1</CHOICE>
              </CHOICES>
            </Field>
          </pnp:Fields>
          <pnp:FieldRefs>
            <pnp:FieldRef ID="3a6b296c-3f50-445c-a13f-9c679ea9dda3" Name="ComplianceAssetId" DisplayName="Compliance Asset Id" />
            <pnp:FieldRef ID="ccc1037f-f65e-434a-868e-8c98af31fe29" Name="_ComplianceFlags" DisplayName="Label setting" />
            <pnp:FieldRef ID="d4b6480a-4bed-4094-9a52-30181ea38f1d" Name="_ComplianceTag" DisplayName="Labels" />
            <pnp:FieldRef ID="92be610e-ddbb-49f4-b3b1-5c2bc768df8f" Name="_ComplianceTagWrittenTime" DisplayName="Label Applied" />
            <pnp:FieldRef ID="418d7676-2d6f-42cf-a16a-e43d2971252a" Name="_ComplianceTagUserId" DisplayName="Label applied by" />
            <pnp:FieldRef ID="8382d247-72a9-44b1-9794-7b177edc89f3" Name="_IsRecord" DisplayName="Item is a Record" />
            <pnp:FieldRef ID="d307dff3-340f-44a2-9f4b-fbfe1ba07459" Name="_CommentCount" DisplayName="Comment count" />
            <pnp:FieldRef ID="db8d9d6d-dc9a-4fbd-85f3-4a753bfdc58c" Name="_LikeCount" DisplayName="Like count" />
          </pnp:FieldRefs>
          <pnp:Webhooks>
            <pnp:Webhook ServerNotificationUrl="https://1-ukwest1.pushp.svc.ms/notifications?token=w0-0431ad50-0bb1-4ebd-94b1-9dc1cc5f5ca3" ExpiresInDays="-12" />
          </pnp:Webhooks>
        </pnp:ListInstance>
        <pnp:ListInstance Title="KBDocuments" Description="" DocumentTemplate="{site}/KBDocuments/Forms/template.dotx" TemplateType="101" Url="KBDocuments" EnableVersioning="true" MinorVersionLimit="0" MaxVersionLimit="500" DraftVersionVisibility="0" TemplateFeatureID="00bfea71-e717-4e80-aa17-d0c71b360101" ContentTypesEnabled="true" EnableAttachments="false" DefaultDisplayFormUrl="{site}/KBDocuments/Forms/DispForm.aspx" DefaultEditFormUrl="{site}/KBDocuments/Forms/EditForm.aspx" DefaultNewFormUrl="{site}/KBDocuments/Forms/Upload.aspx" ImageUrl="/_layouts/15/images/itdl.png?rev=44" IrmExpire="false" IrmReject="false" IsApplicationList="false" ValidationFormula="" ValidationMessage="">
          <pnp:ContentTypeBindings>
            <pnp:ContentTypeBinding ContentTypeID="0x0101" Default="true" />
            <pnp:ContentTypeBinding ContentTypeID="0x0101009148F5A04DDD49CBA7127AADA5FB792B00AADE34325A8B49CDA8BB4DB53328F214" />
            <pnp:ContentTypeBinding ContentTypeID="0x010102" />
            <pnp:ContentTypeBinding ContentTypeID="0x01010A" />
            <pnp:ContentTypeBinding ContentTypeID="0x0120" />
            <pnp:ContentTypeBinding ContentTypeID="0x0120D5200063BE3645F6553143B2D69CD21568D027" />
          </pnp:ContentTypeBindings>
          <pnp:Views>
            <View Name="{0FD2859A-402A-475B-B2BE-BC60BF973C72}" DefaultView="TRUE" MobileView="TRUE" MobileDefaultView="TRUE" Type="HTML" DisplayName="All Documents" Url="/sites/kbdoc/KBDocuments/Forms/AllItems.aspx" Level="1" BaseViewID="1" ContentTypeID="0x" ImageUrl="/_layouts/15/images/dlicon.png?rev=45">
              <Query>
                <OrderBy>
                  <FieldRef Name="FileLeafRef" />
                </OrderBy>
              </Query>
              <ViewFields>
                <FieldRef Name="DocIcon" />
                <FieldRef Name="LinkFilename" />
                <FieldRef Name="CustomerID" />
                <FieldRef Name="AssignedTo" />
                <FieldRef Name="ol_Department" />
                <FieldRef Name="DocumentSetDescription" />
                <FieldRef Name="RoutingEnabled" />
                <FieldRef Name="_Status" />
                <FieldRef Name="Modified" />
                <FieldRef Name="Editor" />
              </ViewFields>
              <RowLimit Paged="TRUE">99</RowLimit>
              <Aggregations Value="Off" />
              <JSLink>clienttemplates.js</JSLink>
            </View>
          </pnp:Views>
          <pnp:FieldRefs>
            <pnp:FieldRef ID="cbb92da4-fd46-4c7d-af6c-3128c2a5576e" Name="DocumentSetDescription" DisplayName="Description" />
            <pnp:FieldRef ID="3c4e7a5b-b7d5-4779-a14a-490803e63923" Name="RoutingEnabled" DisplayName="Active" />
            <pnp:FieldRef ID="81368791-7cbc-4230-981a-a7669ade9801" Name="CustomerID" DisplayName="Custom ID Number" />
            <pnp:FieldRef ID="c814b2cf-84c6-4f56-b4a4-c766938a97c5" Name="ol_Department" DisplayName="Department" />
            <pnp:FieldRef ID="53101f38-dd2e-458c-b245-0c236cc13d1a" Name="AssignedTo" DisplayName="Assigned To" />
            <pnp:FieldRef ID="1dab9b48-2d1a-47b3-878c-8e84f0d211ba" Name="_Status" DisplayName="Status" />
            <pnp:FieldRef ID="b66e9b50-a28e-469b-b1a0-af0e45486874" Name="Keywords" DisplayName="Keywords" />
            <pnp:FieldRef ID="7e68a0f9-af76-404c-9613-6f82bc6dc28c" Name="ImageWidth" DisplayName="Picture Width" />
            <pnp:FieldRef ID="1944c034-d61b-42af-aa84-647f2e74ca70" Name="ImageHeight" DisplayName="Picture Height" />
            <pnp:FieldRef ID="52578fc3-1f01-4f4d-b016-94ccbcf428cf" Name="_Comments" DisplayName="Comments" />
            <pnp:FieldRef ID="246d0907-637c-46b7-9aa0-0bb914daa832" Name="_Author" DisplayName="Author" />
            <pnp:FieldRef ID="a5d2f824-bc53-422e-87fd-765939d863a5" Name="ImageCreateDate" DisplayName="Date Picture Taken" />
            <pnp:FieldRef ID="f08ab41d-9a03-49ae-9413-6cd284a15625" Name="wic_System_Copyright" DisplayName="Copyright" />
            <pnp:FieldRef ID="8c0d0aac-9b76-4951-927a-2490abe13c0b" Name="PreviewOnForm" DisplayName="Preview" />
            <pnp:FieldRef ID="9941082a-4160-46a1-a5b2-03394bfdf7ee" Name="ThumbnailOnForm" DisplayName="Thumbnail Preview" />
            <pnp:FieldRef ID="922551b8-c7e0-46a6-b7e3-3cf02917f68a" Name="ImageSize" DisplayName="Picture Size" />
            <pnp:FieldRef ID="9da97a8a-1da5-4a77-98d3-4bc10456e700" Name="Comments" DisplayName="Comments" />
            <pnp:FieldRef ID="f39d44af-d3f3-4ae6-b43f-ac7330b5e9bd" Name="AlternateThumbnailUrl" DisplayName="Preview Image URL" />
            <pnp:FieldRef ID="c53a03f3-f930-4ef2-b166-e0f2210c13c0" Name="FileType" DisplayName="File Type" />
            <pnp:FieldRef ID="7ebf72ca-a307-4c18-9e5b-9d89e1dae74f" Name="SelectedFlag" DisplayName="Selection Checkbox" />
            <pnp:FieldRef ID="76d1cc87-56de-432c-8a2a-16e5ba5331b3" Name="NameOrTitle" DisplayName="Name" />
            <pnp:FieldRef ID="de1baa4b-2117-473b-aa0c-4d824034142d" Name="RequiredField" DisplayName="Required Field" />
            <pnp:FieldRef ID="ac7bb138-02dc-40eb-b07a-84c15575b6e9" Name="Thumbnail" DisplayName="Thumbnail" />
            <pnp:FieldRef ID="bd716b26-546d-43f2-b229-62699581fa9f" Name="Preview" DisplayName="Web Preview" />
            <pnp:FieldRef ID="c29e077d-f466-4d8e-8bbe-72b66c5f205c" Name="URL" DisplayName="URL" />
          </pnp:FieldRefs>
          <pnp:Webhooks>
            <pnp:Webhook ServerNotificationUrl="https://2-ukwest1.pushp.svc.ms/notifications?token=w3-eb356699-1905-472e-a061-ee520458c1b9" ExpiresInDays="1" />
          </pnp:Webhooks>
        </pnp:ListInstance>
        <pnp:ListInstance Title="RequestForTemplateOfTypes" Description="" DocumentTemplate="" OnQuickLaunch="true" TemplateType="100" Url="Lists/RequestForTemplateOfTypes" EnableVersioning="true" MinorVersionLimit="0" MaxVersionLimit="5" DraftVersionVisibility="0" TemplateFeatureID="00bfea71-de22-43b2-a848-c05709900100" ContentTypesEnabled="true" EnableFolderCreation="false" NoCrawl="true" DefaultDisplayFormUrl="{site}/Lists/RequestForTemplateOfTypes/DispForm.aspx" DefaultEditFormUrl="{site}/Lists/RequestForTemplateOfTypes/EditForm.aspx" DefaultNewFormUrl="{site}/Lists/RequestForTemplateOfTypes/NewForm.aspx" ImageUrl="/_layouts/15/images/itgen.png?rev=45" IrmExpire="false" IrmReject="false" IsApplicationList="false" ReadSecurity="2" WriteSecurity="2" ValidationFormula="" ValidationMessage="">
          <pnp:ContentTypeBindings>
            <pnp:ContentTypeBinding ContentTypeID="0x010084F6474257B9F446B0BD014791D9E02101" Default="true" />
            <pnp:ContentTypeBinding ContentTypeID="0x010084F6474257B9F446B0BD014791D9E02102" />
            <pnp:ContentTypeBinding ContentTypeID="0x01" />
            <pnp:ContentTypeBinding ContentTypeID="0x0120" />
          </pnp:ContentTypeBindings>
          <pnp:Views>
            <View Name="{686365B4-555F-4FA8-B514-5A29177E45F4}" DefaultView="TRUE" MobileView="TRUE" MobileDefaultView="TRUE" Type="HTML" DisplayName="All Items" Url="/sites/kbdoc/Lists/RequestForTemplateOfTypes/AllItems.aspx" Level="1" BaseViewID="1" ContentTypeID="0x" ImageUrl="/_layouts/15/images/generic.png?rev=45">
              <Query>
                <OrderBy>
                  <FieldRef Name="ID" Ascending="FALSE" />
                </OrderBy>
              </Query>
              <ViewFields>
                <FieldRef Name="ID" />
                <FieldRef Name="LinkTitle" />
                <FieldRef Name="DLCPolicyLabelValue" />
                <FieldRef Name="Attachments" />
                <FieldRef Name="DateCompleted" />
                <FieldRef Name="Keywords" />
                <FieldRef Name="_ComplianceTagWrittenTime" />
                <FieldRef Name="_ComplianceTagUserId" />
                <FieldRef Name="Modified" />
                <FieldRef Name="Editor" />
                <FieldRef Name="AssignedTo" />
                <FieldRef Name="_Comments" />
              </ViewFields>
              <RowLimit Paged="TRUE">99</RowLimit>
              <Aggregations Value="Off" />
              <JSLink>clienttemplates.js</JSLink>
            </View>
          </pnp:Views>
          <pnp:FieldRefs>
            <pnp:FieldRef ID="53101f38-dd2e-458c-b245-0c236cc13d1a" Name="AssignedTo" DisplayName="Assigned To" />
            <pnp:FieldRef ID="52578fc3-1f01-4f4d-b016-94ccbcf428cf" Name="_Comments" DisplayName="Comments" />
            <pnp:FieldRef ID="24bfa3c2-e6a0-4651-80e9-3db44bf52147" Name="DateCompleted" DisplayName="Date Completed" />
            <pnp:FieldRef ID="b66e9b50-a28e-469b-b1a0-af0e45486874" Name="Keywords" DisplayName="Keywords" />
            <pnp:FieldRef ID="460af194-a8c5-456f-861b-514ef371143b" Name="DLCPolicyLabelValue" DisplayName="Label" />
          </pnp:FieldRefs>
          <pnp:Webhooks>
            <pnp:Webhook ServerNotificationUrl="https://uk-001.azure-apim.net/apim/sharepointonline/ontableupdatedhook?r=https%253a%252f%252fprod-28.uksouth.logic.azure.com%252fworkflows%252fa0c723fdc0894f83abe7e5c5170664f3%252ftriggers%252fWhen_an_item_is_created_or_modified%252fpaths%252finvoke%253fapi-version%253d2016-06-01%2526sp%253d%25252Ftriggers%25252FWhen_an_item_is_created_or_modified%25252Frun%25252C%25252Ftriggers%25252FWhen_an_item_is_created_or_modified%25252Fread%2526sv%253d1.0%2526sig%253d3GCUY0rbrX8W_7gLDW5JceGC1IYGSaCLn-v6h-BmZd0" ExpiresInDays="-10" />
            <pnp:Webhook ServerNotificationUrl="https://1-ukwest1.pushp.svc.ms/notifications?token=w2-e34d16fd-a89c-4252-85e6-490b6e96fb5a" ExpiresInDays="-12" />
            <pnp:Webhook ServerNotificationUrl="https://1-ukwest1.pushp.svc.ms/notifications?token=w1-f8471255-3df0-4e3b-8c49-df7ce5e5f300" ExpiresInDays="-12" />
            <pnp:Webhook ServerNotificationUrl="https://1-ukwest1.pushp.svc.ms/notifications?token=w3-d37148fc-5fbe-47ef-a289-c2438c537219" ExpiresInDays="-12" />
          </pnp:Webhooks>
        </pnp:ListInstance>
      </pnp:Lists>
      <pnp:Pages>
        <pnp:Page Url="{site}/SitePages/Home.aspx" Overwrite="true" Layout="Custom">
          <pnp:WebParts>
            <pnp:WebPart Title="JQuery Core CDN" Row="1" Column="1">
              <pnp:Contents>
                <webParts>
                  <webPart xmlns="http://schemas.microsoft.com/WebPart/v3">
                    <metaData>
                      <type name="Microsoft.SharePoint.WebPartPages.ScriptEditorWebPart, Microsoft.SharePoint, Version=16.0.0.0, Culture=neutral, PublicKeyToken=71e9bce111e9429c" />
                      <importErrorMessage>Cannot import this Web Part.</importErrorMessage>
                    </metaData>
                    <data>
                      <properties>
                        <property name="ExportMode" type="exportmode">All</property>
                        <property name="HelpUrl" type="string" />
                        <property name="Hidden" type="bool">False</property>
                        <property name="Description" type="string">Allows authors to insert HTML snippets or scripts.</property>
                        <property name="Content" type="string">&lt;script src="https://code.jquery.com/jquery-3.3.1.js" integrity="sha256-2Kok7MbOyxpgUVvAk/HJ2jigOSYS2auK4Pfzbm7uH60=" crossorigin="anonymous"&gt;&lt;/script&gt;</property>
                        <property name="CatalogIconImageUrl" type="string" />
                        <property name="Title" type="string">JQuery Core CDN</property>
                        <property name="AllowHide" type="bool">True</property>
                        <property name="AllowMinimize" type="bool">True</property>
                        <property name="AllowZoneChange" type="bool">True</property>
                        <property name="TitleUrl" type="string" />
                        <property name="ChromeType" type="chrometype">None</property>
                        <property name="AllowConnect" type="bool">True</property>
                        <property name="Width" type="unit" />
                        <property name="Height" type="unit" />
                        <property name="HelpMode" type="helpmode">Navigate</property>
                        <property name="AllowEdit" type="bool">True</property>
                        <property name="TitleIconImageUrl" type="string" />
                        <property name="Direction" type="direction">NotSet</property>
                        <property name="AllowClose" type="bool">True</property>
                        <property name="ChromeState" type="chromestate">Normal</property>
                      </properties>
                    </data>
                  </webPart>
                </webParts>
              </pnp:Contents>
            </pnp:WebPart>
          </pnp:WebParts>
          <pnp:Fields>
            <pnp:Field FieldName="WikiField">&lt;div class="ExternalClassFA4618038B054EA68FE2F9AAF6B499F2"&gt;
            &lt;table id="layoutsTable" style="width&amp;#58;100%;"&gt;&lt;tbody&gt;&lt;tr style="vertical-align&amp;#58;top;"&gt;&lt;td colspan="2"&gt;&lt;div class="ms-rte-layoutszone-outer" style="width&amp;#58;100%;"&gt;&lt;div class="ms-rte-layoutszone-inner"&gt;&lt;div class="ms-rtestate-read ms-rte-wpbox" unselectable="on"&gt;&lt;div class="ms-rtestate-notify  ms-rtestate-read {webpartid:JQuery Core CDN}" id="div_{webpartid:JQuery Core CDN}" unselectable="on"&gt;&lt;/div&gt;&lt;div id="vid_{webpartid:JQuery Core CDN}" unselectable="on" style="display&amp;#58;none;"&gt;&lt;/div&gt;&lt;/div&gt;
&lt;p&gt;&lt;br&gt;&lt;/p&gt;&lt;/div&gt;&lt;/div&gt;&lt;/td&gt;&lt;/tr&gt;&lt;tr style="vertical-align&amp;#58;top;"&gt;&lt;td style="width&amp;#58;49.95%;"&gt;&lt;div class="ms-rte-layoutszone-outer" style="width&amp;#58;100%;"&gt;&lt;div class="ms-rte-layoutszone-inner"&gt;
&lt;/div&gt;&amp;#160;&lt;/div&gt;&lt;/td&gt;&lt;td class="ms-wiki-columnSpacing" style="width&amp;#58;49.95%;"&gt;&lt;div class="ms-rte-layoutszone-outer" style="width&amp;#58;100%;"&gt;&lt;div class="ms-rte-layoutszone-inner"&gt;
&lt;/div&gt;&amp;#160;&lt;/div&gt;&lt;/td&gt;&lt;/tr&gt;&lt;/tbody&gt;&lt;/table&gt;
            &lt;span id="layoutsData" style="display&amp;#58;none;"&gt;true,false,2&lt;/span&gt;&lt;/div&gt;</pnp:Field>
          </pnp:Fields>
        </pnp:Page>
      </pnp:Pages>
      <pnp:TermGroups>
        <pnp:TermGroup Name="DocumentController" ID="c16dd889-18b8-4fc1-84c6-0ca7d2bc1221" Description="" UpdateBehavior="Overwrite">
          <pnp:TermSets>
            <pnp:TermSet Name="LabelType" ID="ee168a8a-859e-43d1-9c7a-d2d6ea702435" Description="">
              <pnp:Terms>
                <pnp:Term Name="Type01" ID="2a135dd3-1349-467c-8e1a-ce414e376cfc" Owner="i:0#.f|membership|am@appflowitdevnov2018.onmicrosoft.com" Description="" SourceTermId="2a135dd3-1349-467c-8e1a-ce414e376cfc">
                  <pnp:Terms />
                </pnp:Term>
                <pnp:Term Name="Type02" ID="98c4e44b-137e-4a88-9935-bd33707fe3a3" Owner="i:0#.f|membership|am@appflowitdevnov2018.onmicrosoft.com" Description="" SourceTermId="98c4e44b-137e-4a88-9935-bd33707fe3a3">
                  <pnp:Terms />
                </pnp:Term>
                <pnp:Term Name="Type03" ID="40953e28-0584-4460-8644-3c2c15b6efc7" Owner="i:0#.f|membership|am@appflowitdevnov2018.onmicrosoft.com" Description="" SourceTermId="40953e28-0584-4460-8644-3c2c15b6efc7">
                  <pnp:Terms />
                </pnp:Term>
              </pnp:Terms>
            </pnp:TermSet>
          </pnp:TermSets>
        </pnp:TermGroup>
        <pnp:TermGroup Name="People" ID="bb38aeab-990f-4229-b532-73f755f455d8" Description="" UpdateBehavior="Overwrite">
          <pnp:TermSets>
            <pnp:TermSet Name="Department" ID="8ed8c9ea-7052-4c1d-a4d7-b9c10bffea6f" Description="" IsOpenForTermCreation="true">
              <pnp:CustomProperties>
                <pnp:Property Key="SearchCenterNavVer" Value="15" />
              </pnp:CustomProperties>
            </pnp:TermSet>
            <pnp:TermSet Name="Job Title" ID="386095d1-c68d-4c6d-b587-48ddaf1aecc9" Description="" IsOpenForTermCreation="true">
              <pnp:CustomProperties>
                <pnp:Property Key="SearchCenterNavVer" Value="15" />
              </pnp:CustomProperties>
            </pnp:TermSet>
            <pnp:TermSet Name="Location" ID="b49f64b3-4722-4336-9a5c-56c326b344d4" Description="" IsOpenForTermCreation="true">
              <pnp:CustomProperties>
                <pnp:Property Key="SearchCenterNavVer" Value="15" />
              </pnp:CustomProperties>
            </pnp:TermSet>
          </pnp:TermSets>
        </pnp:TermGroup>
        <pnp:TermGroup Name="SAL" ID="18034b0f-423b-4550-b84d-5b2fa8862181" Description="" UpdateBehavior="Overwrite">
          <pnp:TermSets>
            <pnp:TermSet Name="JobSkills" ID="43849b25-3177-4ca3-86ad-6c79a2325c53" Description="">
              <pnp:Terms>
                <pnp:Term Name="C#" ID="2f97495b-46d1-4572-8152-a5b09eb6f2ea" Owner="i:0#.f|membership|am@appflowitdevnov2018.onmicrosoft.com" Description="" SourceTermId="2f97495b-46d1-4572-8152-a5b09eb6f2ea">
                  <pnp:Terms />
                </pnp:Term>
                <pnp:Term Name="Information Architecture" ID="3cf6c203-7ab5-4f42-b7e2-135dbe0744ef" Owner="i:0#.f|membership|am@appflowitdevnov2018.onmicrosoft.com" Description="" SourceTermId="3cf6c203-7ab5-4f42-b7e2-135dbe0744ef">
                  <pnp:Terms />
                </pnp:Term>
                <pnp:Term Name="Testing" ID="1f417c25-91f4-4ace-aba9-e1a7d9fce82b" Owner="i:0#.f|membership|am@appflowitdevnov2018.onmicrosoft.com" Description="" SourceTermId="1f417c25-91f4-4ace-aba9-e1a7d9fce82b">
                  <pnp:Terms />
                </pnp:Term>
              </pnp:Terms>
            </pnp:TermSet>
          </pnp:TermSets>
        </pnp:TermGroup>
        <pnp:TermGroup Name="Search Dictionaries" ID="d87b6a37-c801-4a36-9046-6296d4779c87" Description="" UpdateBehavior="Overwrite">
          <pnp:TermSets>
            <pnp:TermSet Name="Company Exclusions" ID="d41a92ec-33dc-4720-bd03-3a00287653e4" Description="">
              <pnp:CustomProperties>
                <pnp:Property Key="IsCustomDictionary" Value="true" />
                <pnp:Property Key="SearchCenterNavVer" Value="15" />
              </pnp:CustomProperties>
            </pnp:TermSet>
            <pnp:TermSet Name="Company Inclusions" ID="c866ca65-f095-4a16-9249-028d500f7703" Description="">
              <pnp:CustomProperties>
                <pnp:Property Key="IsCustomDictionary" Value="true" />
                <pnp:Property Key="SearchCenterNavVer" Value="15" />
              </pnp:CustomProperties>
            </pnp:TermSet>
            <pnp:TermSet Name="Query Spelling Exclusions" ID="190a2c19-cb43-4b06-b5bb-db50945aefbf" Description="">
              <pnp:CustomProperties>
                <pnp:Property Key="IsCustomDictionary" Value="true" />
                <pnp:Property Key="SearchCenterNavVer" Value="15" />
              </pnp:CustomProperties>
            </pnp:TermSet>
            <pnp:TermSet Name="Query Spelling Inclusions" ID="22035077-2e30-450f-99ac-889a3bec24d8" Description="">
              <pnp:CustomProperties>
                <pnp:Property Key="IsCustomDictionary" Value="true" />
                <pnp:Property Key="SearchCenterNavVer" Value="15" />
              </pnp:CustomProperties>
            </pnp:TermSet>
          </pnp:TermSets>
        </pnp:TermGroup>
        <pnp:TermGroup Name="System" ID="b9ed5e8b-cbf2-43d3-b84b-a53f6803416c" Description="These term sets are used by the system itself." UpdateBehavior="Overwrite">
          <pnp:TermSets>
            <pnp:TermSet Name="Hashtags" ID="3ceb0050-69a1-40e7-a427-83e2fac80c27" Description="This term set contains all of the terms that have been used as hashtags." IsOpenForTermCreation="true" />
            <pnp:TermSet Name="Keywords" ID="5d8a9c74-5d77-4231-b206-5467ab1753ee" Description="This term set contains all of the terms that have been used as keywords that are not in existing term sets." IsOpenForTermCreation="true" />
          </pnp:TermSets>
        </pnp:TermGroup>
      </pnp:TermGroups>
    </pnp:ProvisioningTemplate>
  </pnp:Templates>
</pnp:Provisioning>