{"$schema":"https://schema.management.azure.com/schemas/2015-01-01/deploymentTemplate.json#","contentVersion":"1.0.0.0","parameters":{"logicAppName":{"type":"String","metadata":{"description":"Name of the logic app."}},"logicAppLocation":{"defaultValue":"[resourceGroup().location]","allowedValues":["eastasia","southeastasia","centralus","eastus","eastus2","westus","northcentralus","southcentralus","northeurope","westeurope","japanwest","japaneast","brazilsouth","australiaeast","australiasoutheast","southindia","centralindia","westindia","canadacentral","canadaeast","westcentralus","westus2","[resourceGroup().location]"],"type":"String","metadata":{"description":"Location of the logic app."}},"approvals_Connection_Name":{"defaultValue":"approvals","type":"String","metadata":{"description":"Name of the connection."}},"sharepointonline_Connection_Name":{"defaultValue":"sharepointonline","type":"String","metadata":{"description":"Name of the connection."}},"office365_Connection_Name":{"defaultValue":"office365","type":"String","metadata":{"description":"Name of the connection."}}},"resources":[{"type":"Microsoft.Logic/workflows","name":"[parameters('logicAppName')]","apiVersion":"2016-06-01","location":"[parameters('logicAppLocation')]","properties":{"state":"Disabled","definition":{"$schema":"https://schema.management.azure.com/providers/Microsoft.Logic/schemas/2016-06-01/workflowdefinition.json#","contentVersion":"1.0.0.0","parameters":{"$connections":{"defaultValue":{},"type":"Object"},"$authentication":{"defaultValue":{},"type":"SecureObject"}},"triggers":{"When_an_item_is_created_or_modified":{"recurrence":{"interval":5,"frequency":"Minute"},"splitOn":"@triggerBody()?['value']","metadata":{"flowSystemMetadata":{"swaggerOperationId":"GetOnUpdatedItems"}},"type":"ApiConnection","inputs":{"host":{"connection":{"name":"@parameters('$connections')['sharepointonline']['connectionId']"}},"method":"get","path":"/datasets/@{encodeURIComponent(encodeURIComponent('https://appflowitdevnov2018.sharepoint.com/sites/kbdoc'))}/tables/@{encodeURIComponent(encodeURIComponent('76584efd-98d0-4b07-a0bd-0a1e65535e6d'))}/onupdateditems","authentication":"@parameters('$authentication')"}}},"actions":{"ArbitraryCheckHasAttachmentsAny":{"actions":{"Start_an_approval":{"runAfter":{},"metadata":{"flowSystemMetadata":{"swaggerOperationId":"approvalSubscribeV2"}},"type":"ApiConnectionWebhook","inputs":{"host":{"connection":{"name":"@parameters('$connections')['approvals']['connectionId']"}},"body":{"title":"Review for Approval - Request for Document Template forms","assignedTo":"am@AppflowITDevNov2018.onmicrosoft.com;@{triggerBody()?['AssignedTo']?['Email']};","requestor":"@{triggerBody()?['Author']?['Email']};","details":"Request to kindly review request for template of specific item\n- Content-type :  \"@{triggerBody()?['{ContentType}']?['Name']}\"\n- Title:                    @{triggerBody()?['Title']}\n- Comments:         @{triggerBody()?['OData__Comments']}\nThanks & Regards","itemLink":"@triggerBody()?['{Link}']","itemLinkDescription":"@triggerBody()?['DLCPolicyLabelValue']","notificationUrl":"@{listCallbackUrl()}","enableNotifications":true},"path":"/types/@{encodeURIComponent('Basic')}/$subscriptions","authentication":"@parameters('$authentication')"}},"IsApproved":{"actions":{"Add_attachment":{"runAfter":{"Get_file_content":["Succeeded"]},"metadata":{"flowSystemMetadata":{"swaggerOperationId":"CreateAttachment"}},"type":"ApiConnection","inputs":{"host":{"connection":{"name":"@parameters('$connections')['sharepointonline']['connectionId']"}},"method":"post","body":"@body('Get_file_content')","path":"/datasets/@{encodeURIComponent(encodeURIComponent('https://appflowitdevnov2018.sharepoint.com/sites/kbdoc'))}/tables/@{encodeURIComponent(encodeURIComponent('76584efd-98d0-4b07-a0bd-0a1e65535e6d'))}/items/@{encodeURIComponent(encodeURIComponent(triggerBody()?['ID']))}/attachments","queries":{"displayName":"@triggerBody()?['DLCPolicyLabelValue']"},"authentication":"@parameters('$authentication')"}},"FindTemplateFromContentTypeName":{"runAfter":{},"metadata":{"flowSystemMetadata":{"swaggerOperationId":"GetFileItems"}},"type":"ApiConnection","inputs":{"host":{"connection":{"name":"@parameters('$connections')['sharepointonline']['connectionId']"}},"method":"get","path":"/datasets/@{encodeURIComponent(encodeURIComponent('https://appflowitdevnov2018.sharepoint.com/sites/kbdoc'))}/tables/@{encodeURIComponent(encodeURIComponent('a33307da-3ef7-493e-81a3-e438292092af'))}/getfileitems","queries":{"$filter":"RequestTemplateOfType eq '@{triggerBody()?['{ContentType}']?['Name']}'","$top":1},"authentication":"@parameters('$authentication')"}},"Get_file_content":{"runAfter":{"Compose":["Succeeded"]},"metadata":{"flowSystemMetadata":{"swaggerOperationId":"GetFileContent"}},"type":"ApiConnection","inputs":{"host":{"connection":{"name":"@parameters('$connections')['sharepointonline']['connectionId']"}},"method":"get","path":"/datasets/@{encodeURIComponent(encodeURIComponent('https://appflowitdevnov2018.sharepoint.com/sites/kbdoc'))}/files/@{encodeURIComponent(first( body('FindTemplateFromContentTypeName')?['value'])['{Identifier}'])}/content","queries":{"inferContentType":false},"authentication":"@parameters('$authentication')"}},"Compose":{"runAfter":{"FindTemplateFromContentTypeName":["Succeeded"]},"type":"Compose","inputs":"@first( body('FindTemplateFromContentTypeName')?['value'])['{FilenameWithExtension}']"},"Approved-Email_-_With_Link_to_Attachment":{"runAfter":{"Add_attachment":["Succeeded"]},"metadata":{"flowSystemMetadata":{"swaggerOperationId":"SendEmail"}},"type":"ApiConnection","inputs":{"host":{"connection":{"name":"@parameters('$connections')['office365']['connectionId']"}},"method":"post","body":{"To":"@{triggerBody()?['Author']?['Email']}@{triggerBody()?['AssignedTo']?['Email']};;","Subject":"Your request for template-form has been approved.","Body":"Please find the link below to download the document and perform offline activities with the printed file as required.\n\nLink To Attachment : @{body('Add_attachment')?['AbsoluteUri']}\nLink to Item : @{triggerBody()?['{Link}']}\n\nThanks & Regards","Importance":"Normal","IsHtml":true},"path":"/Mail","authentication":"@parameters('$authentication')"}}},"runAfter":{"Start_an_approval":["Succeeded"]},"else":{"actions":{"Rejected-Email":{"runAfter":{},"metadata":{"flowSystemMetadata":{"swaggerOperationId":"SendEmail"}},"type":"ApiConnection","inputs":{"host":{"connection":{"name":"@parameters('$connections')['office365']['connectionId']"}},"method":"post","body":{"To":"@{triggerBody()?['Author']?['Email']};@{triggerBody()?['AssignedTo']?['Email']};","Subject":"You request for template attachment was declined in the approval process","Body":"<div> \nHi,\n<ul>\n<li> Item : @{triggerBody()?['{Link}']} </li>\n<li> Reason for Not having Approved:@{body('Start_an_approval')?['comments']} </li>\n<li> Approval request fulfilled by: @{body('Start_an_approval')?['responder']?['email']} (@{body('Start_an_approval')?['responder']?['displayName']}) </li>\n</ul>\n</div>","IsHtml":true},"path":"/Mail","authentication":"@parameters('$authentication')"}}}},"expression":"@equals(body('Start_an_approval')?['response'], 'Approve')","type":"If"}},"runAfter":{},"else":{"actions":{"Send_an_email":{"runAfter":{},"metadata":{"flowSystemMetadata":{"swaggerOperationId":"SendEmail"}},"type":"ApiConnection","inputs":{"host":{"connection":{"name":"@parameters('$connections')['office365']['connectionId']"}},"method":"post","body":{"To":"@{triggerBody()?['Author']?['Email']};@{triggerBody()?['AssignedTo']?['Email']};","Subject":"Your request for document template attachment was not fulfilled","Body":"<div>\nHi ,\n</br><p>\nThe request for attachment created by you or assigned to you, if you edited this list item in SharePoint - has been cancelled - because an attachment already exists - to restart workflow firstly, ensure all attachments are removed from this list item .. \n</p>\n\n@{triggerBody()?['{Link}']}\n</br>\nThanks & Regards\n</div>","Importance":"Low","IsHtml":true},"path":"/Mail","authentication":"@parameters('$authentication')"}}}},"expression":"@equals(triggerBody()?['{HasAttachments}'], false)","type":"If"}},"outputs":{}},"parameters":{"$connections":{"value":{"approvals":{"id":"[concat('/subscriptions/', subscription().subscriptionId, '/providers/Microsoft.Web/locations/', parameters('logicAppLocation'), '/managedApis/', 'approvals')]","connectionId":"[resourceId('Microsoft.Web/connections', parameters('approvals_Connection_Name'))]","connectionName":"[parameters('approvals_Connection_Name')]"},"sharepointonline":{"id":"[concat('/subscriptions/', subscription().subscriptionId, '/providers/Microsoft.Web/locations/', parameters('logicAppLocation'), '/managedApis/', 'sharepointonline')]","connectionId":"[resourceId('Microsoft.Web/connections', parameters('sharepointonline_Connection_Name'))]","connectionName":"[parameters('sharepointonline_Connection_Name')]"},"office365":{"id":"[concat('/subscriptions/', subscription().subscriptionId, '/providers/Microsoft.Web/locations/', parameters('logicAppLocation'), '/managedApis/', 'office365')]","connectionId":"[resourceId('Microsoft.Web/connections', parameters('office365_Connection_Name'))]","connectionName":"[parameters('office365_Connection_Name')]"}}}},"runtimeConfiguration":{"collections":{"maximumItemCount":5000},"performanceProfile":{"throttles":{"mode":"Low"}}}},"dependsOn":["[resourceId('Microsoft.Web/connections', parameters('approvals_Connection_Name'))]","[resourceId('Microsoft.Web/connections', parameters('sharepointonline_Connection_Name'))]","[resourceId('Microsoft.Web/connections', parameters('office365_Connection_Name'))]"]},{"type":"Microsoft.Web/connections","name":"[parameters('approvals_Connection_Name')]","apiVersion":"2016-06-01","location":"[parameters('logicAppLocation')]","properties":{"api":{"id":"[concat('/subscriptions/', subscription().subscriptionId, '/providers/Microsoft.Web/locations/', parameters('logicAppLocation'), '/managedApis/', 'approvals')]"},"displayName":"[parameters('approvals_Connection_Name')]"}},{"type":"Microsoft.Web/connections","name":"[parameters('sharepointonline_Connection_Name')]","apiVersion":"2016-06-01","location":"[parameters('logicAppLocation')]","properties":{"api":{"id":"[concat('/subscriptions/', subscription().subscriptionId, '/providers/Microsoft.Web/locations/', parameters('logicAppLocation'), '/managedApis/', 'sharepointonline')]"},"displayName":"[parameters('sharepointonline_Connection_Name')]"}},{"type":"Microsoft.Web/connections","name":"[parameters('office365_Connection_Name')]","apiVersion":"2016-06-01","location":"[parameters('logicAppLocation')]","properties":{"api":{"id":"[concat('/subscriptions/', subscription().subscriptionId, '/providers/Microsoft.Web/locations/', parameters('logicAppLocation'), '/managedApis/', 'office365')]"},"displayName":"[parameters('office365_Connection_Name')]"}}]}