{"name":"fa4c7a4d-3eb4-4c31-9376-03752fe97995","id":"/providers/Microsoft.Flow/flows/fa4c7a4d-3eb4-4c31-9376-03752fe97995","type":"Microsoft.Flow/flows","properties":{"apiId":"/providers/Microsoft.PowerApps/apis/shared_logicflows","displayName":"SPFolderCopyToAndRename","definition":{"metadata":{"workflowEntityId":null,"processAdvisorMetadata":null,"flowclientsuspensionreason":"None","flowclientsuspensiontime":null,"creator":{"id":"f60dae27-1f09-4419-bb61-08c6ac8caf36","type":"User","tenantId":"c75e8708-d188-4a9b-ab07-25c5826f3fed"},"provisioningMethod":"FromDefinition","failureAlertSubscription":true,"clientLastModifiedTime":"2021-06-24T16:15:11.7497881Z"},"$schema":"https://schema.management.azure.com/providers/Microsoft.Logic/schemas/2016-06-01/workflowdefinition.json#","contentVersion":"1.0.0.0","parameters":{"$connections":{"defaultValue":{},"type":"Object"},"$authentication":{"defaultValue":{},"type":"SecureObject"}},"triggers":{"manual":{"type":"Request","kind":"Button","inputs":{"schema":{"type":"object","properties":{},"required":[]}}}},"actions":{"Copy_folder":{"runAfter":{},"type":"OpenApiConnection","inputs":{"host":{"apiId":"/providers/Microsoft.PowerApps/apis/shared_sharepointonline","connectionName":"shared_sharepointonline","operationId":"CopyFolderAsync"},"parameters":{"dataset":"https://appit2021.sharepoint.com/sites/hybridwork","parameters/sourceFolderId":"/Shared Documents/Surname Firstname","parameters/destinationDataset":"https://appit2021.sharepoint.com/sites/hybridwork","parameters/destinationFolderPath":"/ALLEMP/LEAVER","parameters/nameConflictBehavior":1},"authentication":{"value":"@json(decodeBase64(triggerOutputs().headers['X-MS-APIM-Tokens']))['$ConnectionKey']","type":"Raw"}}},"SPHTTP-RenameFolderItemAndObject":{"runAfter":{"SPHTTP-GetFolderObject":["Succeeded"]},"type":"OpenApiConnection","inputs":{"host":{"apiId":"/providers/Microsoft.PowerApps/apis/shared_sharepointonline","connectionName":"shared_sharepointonline","operationId":"HttpRequest"},"parameters":{"dataset":"https://appit2021.sharepoint.com/sites/hybridwork","parameters/method":"POST","parameters/uri":"_api/web/GetFolderByServerRelativeUrl('/sites/hybridwork@{outputs('Copy_folder')?['body/Path']}')/ListItemAllFields","parameters/headers":{"Accept":"application/json;odata=verbose","Content-Type":"application/json","If-Match":"@{concat('\"', outputs('SPHTTP-GetFolderObject')?['body/d/UniqueId'], ',' , replace(outputs('SPHTTP-GetFolderItem')?['body/d/__metadata/etag'] , '\"' , '' ), '\"')}","X-HTTP-Method":"MERGE"},"parameters/body":"{\n \"Title\":\"@{guid()}\",\n \"FileLeafRef\": \"SURNAME @{guid()}\"\n}"},"authentication":{"value":"@json(decodeBase64(triggerOutputs().headers['X-MS-APIM-Tokens']))['$ConnectionKey']","type":"Raw"}}},"SPHTTP-GetFolderItem":{"runAfter":{"Copy_folder":["Succeeded"]},"type":"OpenApiConnection","inputs":{"host":{"apiId":"/providers/Microsoft.PowerApps/apis/shared_sharepointonline","connectionName":"shared_sharepointonline","operationId":"HttpRequest"},"parameters":{"dataset":"https://appit2021.sharepoint.com/sites/hybridwork","parameters/method":"GET","parameters/uri":"_api/web/GetFolderByServerRelativeUrl('/sites/hybridwork@{outputs('Copy_folder')?['body/Path']}')/ListItemAllFields","parameters/headers":{"Accept":"application/json;odata=verbose","Content-Type":"application/json"}},"authentication":{"value":"@json(decodeBase64(triggerOutputs().headers['X-MS-APIM-Tokens']))['$ConnectionKey']","type":"Raw"}}},"SPHTTP-GetFolderObject":{"runAfter":{"SPHTTP-GetFolderItem":["Succeeded"]},"type":"OpenApiConnection","inputs":{"host":{"apiId":"/providers/Microsoft.PowerApps/apis/shared_sharepointonline","connectionName":"shared_sharepointonline","operationId":"HttpRequest"},"parameters":{"dataset":"https://appit2021.sharepoint.com/sites/hybridwork","parameters/method":"GET","parameters/uri":"@replace(outputs('SPHTTP-GetFolderItem')?['body/d/Folder']?['__deferred/uri'], 'https://appit2021.sharepoint.com/sites/hybridwork', '')","parameters/headers":{"Accept":"application/json;odata=verbose","Content-Type":"application/json"}},"authentication":{"value":"@json(decodeBase64(triggerOutputs().headers['X-MS-APIM-Tokens']))['$ConnectionKey']","type":"Raw"}}}}},"connectionReferences":{"shared_sharepointonline":{"connectionName":"shared-sharepointonl-eb1aa32f-f511-42af-a641-eb73-2a385dc9","source":"Invoker","id":"/providers/Microsoft.PowerApps/apis/shared_sharepointonline","tier":"NotSpecified"}},"flowFailureAlertSubscribed":false}}